기업명,기업형태,지역,업종,자본금,매출액,대표자,설립일
더샵스토리,중소기업,서울 송파구,쇼핑몰·오픈마켓·소셜커머스,,,김병태,2007.09.02
인슈코,중소기업,서울 서초구,보험 대리 및 중개업,3억원,114억 6천만원,김남옥/김종태,2007.04.12
디엔와이,중소기업,경기 김포시,금속·재료·자재,1억원,72억 8천만원,김도현,2013.04.05
디엔와이,중소기업,서울 성동구,광고 대행업,1억원,23억 6백만원,김경원,2013.01.30
디엔와이,중소기업,경남 김해시,산업용 냉장 및 냉동 장비 제조업,10억원,125억 500만원,김병현,2010.07.01
일지테크,중견기업,경북 경산시,자동차·조선·철강·항공,,,,
한동이엔지,중소기업,경기 의정부시,건축·설비·환경,-,-,임철수,2023.11.08
성현이엔지,중소기업,충북 청주시,일반 목적용 기계 제조업,-,-,전병성,2011.01.19
이도,중소기업,경남 진주시,백화점·유통·도소매,-,-,하명헌,2023.09.20
이도,중소기업,영등포구 양산로,제약·보건·바이오,-,-,류효신,1903.01.01
이도,대기업,서울 중구,음식료·외식·프랜차이즈,"1,790억 4천만원",27조,손경식/김홍기,1953.08.01
이도,공공기관,대전 동구,철도 여객 운송업,10조 9천억원,"6조 5,281억원",한문희,2005.01.01
이도,대기업,서울 마포구,방송·케이블·프로덕션,"1,105억 7천만원","2조 7,872억원",윤상현,1994.12.16
이도,대기업,서울 중구,설탕 제조업,819억 8백만원,"7조 5,982억원",손경식/강신호,2007.09.04
이도,대기업,서울 성동구,화장품 및 화장용품 도매업,108억 2천만원,"4조 7,899억원",이선정,2019.11.01
이도,대기업,서울 종로구,석유 정제품 제조업,"7,860억 1천만원","1조 8,748억원",추형욱,2007.07.03
이도,대기업,서울특별시 마포구,기타 가공식품 도매업,118억 7천만원,"2조 7,954억원",이건일,1988.12.01
이도,대기업,충남 서산시,그 외 자동차용 신품 부품 제조업,"4,094억 8천만원","8조 3,326억원",백철승,1999.12.28
이에이치테크,중소기업,경기 화성시,산업처리공정 제어장비 제조업,"1억 5,000만원",22억 6천만원,홍지수,2016.02.01
이에이치테크,중소기업,충남 천안시,전자부품 실장기판 제조업,1억원,"9억 5,874만원",이병일,2018.07.16
이에이치테크,중소기업,제주 제주시,"도배, 실내장식 및 내장 목공사업","2,000만원",7억,정훈,2017.07.10
이에이치테크,중소기업,부산 사상구,볼트 및 너트류 제조업,"5,000만원",31억 5천만원,이광훈,2012.05.01
이에이치테크,중소기업,경기 수원시,기타 직물제품 제조업,4억원,"2억 7,677만원",이종명,2004.03.01
이에이치테크,중소기업,경기 평택시,금속 절삭기계 제조업,6억원,34억 8백만원,이승정,2013.07.03
이에이치테크,중소기업,울산 동구,자동차·조선·철강·항공,-,-,이주섭,-
이에이치테크,중소기업,경기 군포시,유선 통신장비 제조업,"3,000만원","9억 2,933만원",이채원,2021.11.26
이에이치테크,중소기업,경기 고양시,일반용 전기 조명장치 제조업,"5,000만원",33억 2천만원,임연순,2013.07.19
이에이치테크,중소기업,광주 북구,전자상거래 소매업,1억원,16억 2천만원,이종화,2020.03.12
퓨젠,중소기업,경기 용인시,기타 반도체소자 제조업,"1억 5,000만원",69억 3천만원,김주택,2013.09.01
퓨젠,중소기업,경북 상주시,식품가공,10억원,30억,이인한,2006.08.01
퓨젠,중소기업,서울 송파구,쇼핑몰·오픈마켓·소셜커머스,-,-,김미선,-
솔라원,중소기업,대구 달서구,일반전기 공사업,-,-,김민정,2017.04.12
솔라원,중소기업,대전 서구,전기·전자·제어,"1억 6,000만원",61억,조성의,2018.02.14
솔라원,중소기업,경기 용인시,건설·시공·토목·조경,5억원,20억,김종철,2004
엠엠에스테크,중소기업,충남 천안시,금속 절삭기계 제조업,"6억 1,000만원",89억 2천만원,백종호,2016.12.08
엠엠에스테크,중소기업,충북 진천군,그 외 자동차용 신품 부품 제조업,"7억 7,540만원",233억 9천만원,김현석/허둘숙,2007.05.10
엠엠에스테크,중소기업,경기 부천시,"전자기 측정, 시험 및 분석기구 제조업","5,000만원",12억 1천만원,김민성,2018.03.07
엠엠에스테크,중소기업,경기 부천시,기계·기계설비,5억원,30억,황명회,2003
엠엠에스테크,중소기업,경기 화성시,그 외 기타 특수목적용 기계 제조업,,,,
엠엠에스테크,중소기업,경북 구미시,전기·전자·제어,,,,
엠엠에스테크,중소기업,경남 함안군,자동차·조선·철강·항공,,,,
엠엠에스테크,중소기업,경기 부천시,그 외 기타 특수목적용 기계 제조업,,,,
엠엠에스테크,중소기업,서울 강남구,기타 산업용 기계 및 장비 도매업,,,,
엠엠에스테크,중소기업,경기 파주시,생활용품·소비재·기타,,,,
상아테크,중견기업,인천 남동구,기계장비 조립용 플라스틱제품 제조업,,,,
상아테크,중소기업,경기 안양시,인형 및 장난감 제조업,,,,
상아테크,중소기업,대구 서구,자동차·조선·철강·항공,,,,
상아테크,중소기업,경기 화성시,금속·재료·자재,,,,
상아테크,중견기업,경기도 김포시,자동차 엔진용 신품 부품 제조업,,,,
대원농산,중소기업,경남 거창군,식품가공,,,,
대원농산,중소기업,경기 구리시,"채소류, 서류 및 향신작물류 도매업",,,,
브라토,중소기업,대구 달서구,기계·기계설비,,,,
그로스,중소기업,서울 마포구,광고·홍보·전시,,,,
그로스,중소기업,대구 동구,증권·보험·카드,,,,
그로스,중소기업,경기 수원시,기타 산업용 기계 및 장비 도매업,,,,
그로스,중소기업,경기 안양시,전자상거래 소매업,,,,
그로스,중소기업,경기 수원시,시스템 소프트웨어 개발 및 공급업,,,,
그로스,중소기업,서울 종로구,광고·홍보·전시,,,,
그로스,중소기업,서울 강남구,투자 자문업 및 투자 일임업,,,,
그로스,중소기업,경북 경산시,차류 가공업,,,,
그로스,중소기업,경기 안성시,농업 및 임업용 기계 제조업,,,,
그랜드코리아레저,국내 공공기관·공기업,서울 강남구,공기업·공공기관,,,,
그랜드코리아레저,국내 공공기관·공기업,서울 용산구,은행·금융,,,,
그랜드코리아레저,중소기업,서울 강남구,상용 인력 공급 및 인사관리 서비스업,,,,
라은엘앤씨,중소기업,경기 용인시,유리 및 창호 공사업,,,,
에스디테크,중소기업,경기 안성시,콜센터·아웃소싱·기타,,,,
에스디테크,중소기업,부산 강서구,자동차·조선·철강·항공,,,,
에스디테크,중소기업,광주광역시 북구,기타 자연과학 연구개발업,,,,
에스디테크,중소기업,경기 안산시,절삭가공 및 유사처리업,,,,
에스디테크,중소기업,경기 시흥시,"증류기, 열교환기 및 가스발생기 제조업",,,,
에스디테크,중소기업,경기 안산시,사무용 가구 및 기기 도매업,,,,
에스디테크,중소기업,경기 화성시,금속·재료·자재,,,,
가온시스템즈,중소기업,경기 김포시,전기·전자·제어,,,,
엘지건재산업,중소기업,서울 강서구,"도배, 실내장식 및 내장 목공사업",,,,
팀에어월드,중소기업,서울 서대문구,"화물운송 중개, 대리 및 관련 서비스업",,,,
어진,중소기업,서울 송파구,컴퓨터 프로그래밍 서비스업,,,,
어진,중소기업,충남 천안시,기계·기계설비,,,,
어진,중소기업,경기 안양시,기타 화학물질 및 화학제품 도매업,,,,
어진,중소기업,경기 시흥시,1차 금속제품 도매업,,,,
어진,중소기업,서울 강남구,응용 소프트웨어 개발 및 공급업,,,,
어진,중소기업,충남 아산시,농축산·어업·임업,,,,
어진,중소기업,경기 성남시,건물 및 구축물 해체 공사업,,,,
어진,중소기업,서울 서초구,증권·보험·카드,,,,
스탠더스,중소기업,서울 강남구,일반 영화 및 비디오물 제작업,,,,
스탠더스,중소기업,서울 마포구,매니저업,,,,
스탠더스,중소기업,서울 강남구,생활화학·화장품,,,,
스탠더스,중소기업,서울 강남구,광고 영화 및 비디오물 제작업,,,,
스탠더스,중소기업,서울 강남구,연예·엔터테인먼트,,,,
스탠더스,중소기업,서울 강남구,화장품 및 화장용품 도매업,,,,
스탠더스,중소기업,서울 강남구,제품 디자인업,,,,
스탠더스,중소기업,서울 강남구,부동산·중개·임대,,,,
스탠더스,중소기업,서울 강남구,기타 생활용 섬유 및 직물제품 도매업,,,,
스탠더스,중소기업,서울 강남구,커피 전문점,,,,
래빗앤린맘,중소기업,인천 남동구,"직물, 편조원단 및 의복류 염색 가공업",,,,
성림이엔씨,중소기업,서울 영등포구,건설·시공·토목·조경,,,,
성림이엔씨,중소기업,경기 안양시,건물 및 토목 엔지니어링 서비스업,,,,
에스피에프에이,중소기업,광주 북구,배전반 및 전기 자동제어반 제조업,,,,
한국녹색철도태양광발전,중소기업,경기 성남시,태양력 발전업,,,,
씨에스리,대기업,서울 영등포구,컴퓨터시스템 통합 자문 및 구축 서비스업,,,,
씨에스리,중소기업,서울 송파구,생활화학·화장품,,,,
씨에스리,대기업 계열사·자회사,서울 금천구,네트워크·통신서비스,,,,
씨에스리,대기업,서울 강남구,콜센터 및 텔레마케팅 서비스업,,,,
씨에스리,외국계(외국 법인기타),경기 용인시,반도체·디스플레이·광학,,,,
씨에스리,대기업 계열사·자회사,서울 강남구,증권·보험·카드,,,,
씨에스리,중견기업,서울특별시 금천구,"치약, 비누 및 기타 세제 제조업",,,,
씨에스리,중소기업,서울 영등포구,기타 일반 기계 및 장비 수리업,,,,
씨에스리,벤처기업,충북 청주시,솔루션·SI·CRM·ERP,,,,
씨에스리,중소기업,경기 용인시,기계·기계설비,,,,
성일운수,중소기업,인천 중구,일반 화물자동차 운송업,,,,
성일운수,중소기업,부산 금정구,물류·운송·배송,,,,
삼일개발,중소기업,울산 울주군,건물 및 구축물 해체 공사업,"4억 2,500만원",24억 6백만원,이종태,2017.11.02
삼일개발,중소기업,부산 수영구,비주거용 건물 개발 및 공급업,"2,000만원",17억 3천만원,정영민,2015.06.15
삼일개발,중소기업,경기 수원시,주거용 건물 개발 및 공급업,-,"2,349억 2천만원",고충현,2009.09.17
백율엔지니어링,중소기업,대구 동구,건물 및 토목 엔지니어링 서비스업,,,,
백율엔지니어링,중소기업,인천 남동구,건설·시공·토목·조경,,,,
도리도리,중소기업,서울 관악구,음식료·외식·프랜차이즈,,,,
제이에이치글로벌,중소기업,서울 동대문구,백화점·유통·도소매,,,,
제이에이치글로벌,중소기업,광주 북구,전자상거래 소매업,,,,
제이에이치글로벌,중소기업,부산 영도구,"전시, 컨벤션 및 행사 대행업",,,,
제이에이치글로벌,중소기업,서울 서초구,백화점·유통·도소매,,,,
제이에이치글로벌,중소기업,인천 서구,화장품 및 화장용품 도매업,,,,
제이더블유,대기업,서울 서초구,완제 의약품 제조업,,,,
제이더블유,중견기업,서울 금천구,완제 의약품 제조업,,,,
제이더블유,중견기업,충남 당진군,완제 의약품 제조업,,,,
제이더블유,중견기업,경기도 과천시,제약·보건·바이오,,,,
제이더블유,대기업,경기 성남시,제약·보건·바이오,,,,
제이더블유,중견기업,경기 과천시,의료기기 도매업,,,,
제이더블유,중견기업,경기 안성시,접착제 및 젤라틴 제조업,,,,
제이더블유,중견기업,서울 서초구,기타 가공식품 도매업,,,,
제이더블유,중견기업,서울 종로구,호텔·여행·항공,,,,
제이더블유,중소기업,인천 부평구,인물사진 및 행사용 영상 촬영업,,,,
오리진,중소기업,서울 강남구,게임·애니메이션,,,,
오리진,중소기업,서울 서대문구,광고 대행업,,,,
오리진,중소기업,대전 유성구,"그 외 기타 분류 안된 전문, 과학 및 기술 서비스업",,,,
오리진,중소기업,서울 강남구,시각 디자인업,,,,
오리진,중소기업,서울 강남구,백화점·유통·도소매,,,,
오리진,중소기업,서울 강남구,광고 대행업,,,,
오리진,중소기업,강원 고성군,기타 인문 및 사회과학 연구개발업,,,,
오리진,중소기업,부산 해운대구,무역·상사,,,,
오리진,중소기업,서울 강남구,컴퓨터시스템 통합 자문 및 구축 서비스업,,,,
오리진,중소기업,서울 강남구,그 외 기타 창작 및 예술관련 서비스업,,,,
두오모,중소기업,서울 강남구,무역·상사,,,,
백억전자,중소기업,경기 수원시,그 외 기타 전자부품 제조업,"3억 5,000만원",111억 3천만원,여경두,2017.07.27
성진이엔씨,벤처기업,대전 동구,금속·재료·자재,-,-,안상복,2003.02.07
성진이엔씨,중소기업,경기 화성시,일반전기 공사업,"4억 5,000만원",500억 4천만원,구청수,2010.03.04
성진이엔씨,중소기업,경기 파주시,토공사업,2억원,32억 4천만원,김선홍,2015.02.23
성진이엔씨,중소기업,경기 안성시,건축·설비·환경,2억원,15억,김병선,2012.06.23
성진이엔씨,중소기업,대전 대덕구,건설·시공·토목·조경,-,-,민경헌,-
성진이엔씨,중소기업,경기 하남시,건설 및 토목공사용 기계.장비 임대업,-,-,이정자,2018.01.01
엠제이,중견기업,서울 구로구,콜센터·아웃소싱·기타,5억원,425억,김시출,2005.03.24
엠제이,중소기업,경기 안성시,그 외 기타 전자부품 제조업,10억 5천만원,685억 5천만원,이희재,1999.06.01
엠제이,중견기업,서울 동대문구,의약품 도매업,13억 1천만원,"7,126억 5천만원",백광열,1991.12.10
엠제이,중소기업,인천 서구,콜센터·아웃소싱·기타,5억원,89억 1천만원,정은선,2012.10.20
엠제이,중소기업,서울 동대문구,섬유·의류·패션,,,강일훈,2015.03.12
엠제이,중소기업,경기 수원시,콜센터·아웃소싱·기타,1억원,22억,이명종,2008.10.01
엠제이,중소기업,서울 마포구,학원·어학원·교육원,-,-,장진혁,2006.12.08
엠제이,중소기업,부산 중구,건축물 일반 청소업,"2억 5,000만원",65억원6십만원,김대식,2005.05.02
엠제이,중소기업,경기 화성시,배관 및 냉ㆍ난방 공사업,9억원,741억 7백만원,정재영,2017.03.03
엠제이,중소기업,전북 익산시,자동차 차체용 신품 부품 제조업,20억원,112억 2천만원,정윤모,2004.03.05
동재공업,중소기업,대구 북구,내연기관 제조업,2억원,144억 8백만원,이강호/이진범,2002.08.01
진영수산,중소기업,인천 부평구,물류·운송·배송,-,-,김준근,2014.01.01
대광정보통신,중소기업,충남 천안시,통신 재판매업,"2억 3,000만원",24억 5천만원,엄기철,2002.06.30
대광정보통신,중소기업,충북 청주시,네트워크·통신서비스,2억원,-,김연숙,2002.01.08
대광정보통신,중소기업,충북 청주시,배관 및 냉ㆍ난방 공사업,2억 105만원,6억 285만원,이종임,2022.07.01
씨.에이치.티,중소기업,서울 마포구,그 외 기타 분류 안된 사업지원 서비스업,"4억 3,333만원",63억 7천만원,김곤중,1997.01.22
씨.에이치.티,중소기업,서울 송파구,도장 공사업,"2억 1,000만원",17억 6천만원,신학현/김용귀,2000.05.24
씨.에이치.티,중소기업,서울 강남구,생활화학·화장품,-,-,이성훈,-
씨.에이치.티,중소기업,서울 노원구,"안경, 사진장비 및 광학용품 도매업",-,-,황영일,2012.09.11
가영코스메틱,중소기업,경기 파주시,화장품 제조업,"6억 5,000만원",69억 5천만원,윤영준,2018.09.05
아이케이케이스포츠,중소기업,경기 양주시,운동 및 경기용품 도매업,"5,000만원",26억 2천만원,김인경/오세춘,2019.09.01
다다통상,중소기업,부산 기장군,"빵류, 과자류, 당류, 초콜릿 도매업",1억원,38억 1천만원,문시연,2010.08.11
다다통상,중소기업,경기 포천시,문구용 종이제품 제조업,4억원,38억 9천만원,이종수,2014.11.25
다다통상,중소기업,대구 중구,백화점·유통·도소매,-,-,한정희,2000
다다통상,중소기업,경기 하남시,커피 및 차류 도매업,-,-,이종대,2009.02.25
덴하우스,중소기업,전북 정읍시,제약·보건·바이오,-,3억6천5백만,권경환,2018.02.01
덴하우스,중소기업,서울 종로구,기타 엔지니어링 서비스업,"8,000만원",1억 726만원,임대영,2018.09.21
덴하우스,중소기업,경기 평택시,치과 의원,-,28억 4천만원,권경환,2020.11.23
뉴퍼플,중소기업,서울 송파구,전자상거래 소매업,,,,
유진전기,중소기업,인천 남동구,기타 엔지니어링 서비스업,,,,
유진전기,중소기업,경기 평택시,전기·전자·제어,,,,
상도테크,중소기업,경기 성남시,전기용 기계.장비 및 관련 기자재 도매업,,,,
닥터아임,중소기업,서울 서초구,화장품 제조업,,,,
닥터아임,벤처기업,서울 강남구,제약·보건·바이오,,,,
닥터아임,중소기업,서울 강남구,그 외 기타 분류 안된 사업지원 서비스업,,,,
에스케이와이에프에이,중소기업,경기 안성시,기계·기계설비,,,,
엠에이,중소기업,전북 전주시,컨설팅·연구·조사,,,,
엠에이,중소기업,서울 구로구,광고 대행업,,,,
엠에이,중소기업,서울 송파구,건축설계 및 관련 서비스업,,,,
엠에이,중소기업,대전 동구,건설·시공·토목·조경,,,,
엠에이,중소기업,제주 제주시,휴양콘도 운영업,,,,
엠에이,중소기업,경기 시흥시,단독 주택 건설업,,,,
엠에이,중소기업,서울 강남구,건물 및 토목 엔지니어링 서비스업,,,,
엠에이,중소기업,서울 성동구,외국어학원,,,,
엠에이,중소기업,서울 용산구,부동산 투자자문업,,,,
엠에이,중소기업,충북 음성군,그 외 기타 분류 안된 금속 가공 제품 제조업,,,,
신화웰텍,벤처기업,경기 시흥시,기계·기계설비,,,,
네이티브코리아,외국계(외국 투자기업),경기 화성시,학원·어학원·교육원,,,,
세무법인흥인디오트쇼핑몰지점,중소기업,서울 중구,회계·세무·법무,,,,
몬스터스튜디오,중소기업,서울 강남구,섬유·의류·패션,,,,
몬스터스튜디오,중소기업,서울 노원구,광고·홍보·전시,,,,
몬스터스튜디오,중소기업,경북 포항시,방송·케이블·프로덕션,,,,
몬스터스튜디오,중소기업,경기 고양시,광고·홍보·전시,,,,
동남유화,중소기업,서울 강남구,산업용 가스 제조업,,,,
이에스엔지니어링,중소기업,충남 당진시,측량업,,,,
이에스엔지니어링,중소기업,대구 달성군,배관 및 냉ㆍ난방 공사업,,,,
이에스엔지니어링,중소기업,경기 군포시,산업용 냉장 및 냉동 장비 제조업,,,,
이에스엔지니어링,중소기업,충남 천안시,건설·시공·토목·조경,,,,
이에스엔지니어링,중소기업,경기 용인시,응용 소프트웨어 개발 및 공급업,,,,
이에스엔지니어링,중소기업,부산 연제구,건축설계 및 관련 서비스업,,,,
이에스엔지니어링,중소기업,서울 동작구,건설·시공·토목·조경,,,,
이에스엔지니어링,중소기업,서울특별시 강남구,건물 및 토목 엔지니어링 서비스업,,,,
티맥스에이앤씨,중소기업,경기 성남시,응용 소프트웨어 개발 및 공급업,,,,
티맥스에이앤씨,중견기업,경기 성남시,솔루션·SI·CRM·ERP,,,,
티맥스에이앤씨,중견기업,경기 성남시,솔루션·SI·CRM·ERP,,,,
티맥스에이앤씨,중소기업,경기 성남시,응용 소프트웨어 개발 및 공급업,,,,
티맥스에이앤씨,중소기업,경기 성남시,응용 소프트웨어 개발 및 공급업,,,,
티맥스에이앤씨,중소기업,경기 성남시,솔루션·SI·CRM·ERP,,,,
티맥스에이앤씨,중소기업,경기 성남시,응용 소프트웨어 개발 및 공급업,,,,
티맥스에이앤씨,중소기업,경기 성남시,응용 소프트웨어 개발 및 공급업,,,,
동보바이오,중소기업,경기 광주시,복합비료 및 기타 화학비료 제조업,,,,
예원종합건설,중소기업,충청남도 금산군,"미장, 타일 및 방수 공사업",,,,
씨앤디산업,중소기업,인천 미추홀구,내부 통신배선 공사업,,,,
씨앤디산업,중견기업,경기도 성남시,아파트 건설업,,,,
씨앤디산업,중견기업,서울 종로구,호텔·여행·항공,,,,
씨앤디산업,중소기업,서울 강남구,컨설팅·연구·조사,,,,
씨앤디산업,중소기업,서울 구로구,생활화학·화장품,,,,
씨앤디산업,중소기업,서울 강남구,사업시설 유지.관리 서비스업,,,,
씨앤디산업,중소기업,경기 안산시,전기·전자·제어,,,,
씨앤디산업,중소기업,서울 강남구,건설·시공·토목·조경,,,,
씨앤디산업,중소기업,서울 마포구,응용 소프트웨어 개발 및 공급업,,,,
씨앤디산업,중소기업,서울 강남구,데이터베이스 및 온라인정보 제공업,,,,
아바텍,중소기업,경북 구미시,유기발광 표시장치 제조업,,,,
우리엔지니어링,중소기업,경기 시흥시,기계·기계설비,5억원,210억(2017),이문효,2003.12.01
우리엔지니어링,중소기업,경기 안양시,건설·시공·토목·조경,1억원,20억,이우재,2006.04.01
우리엔지니어링,중소기업,서울 금천구,건축·설비·환경,"3억 4,138만원","3억 4,781만원",배희영,2014.12.09
우리엔지니어링,중소기업,광주 광산구,산업용 로봇 제조업,1억원,80억,박정준,2001
우리엔지니어링,중소기업,충북 진천군,기타 물품 취급장비 제조업,"5,000만원","1억 7,328만원",이주형,2020.05.20
우리엔지니어링,중소기업,경기 평택시,재생용 재료 수집 및 판매업,"2,000만원",16억 6천만원,김광수,2013.03.14
우리엔지니어링,중소기업,서울 구로구,건축·설비·환경,-,-,강보성,2015.07.24
우리엔지니어링,중소기업,대전 유성구,건물 및 토목 엔지니어링 서비스업,3억원,"7억 3,877만원",김도연/송초근,2014.06.05
대표건설,중소기업,서울 영등포구,도장 공사업,10억원,218억 7천만원,박종현,1997.07.04
대표건설,비영리법인,서울 광진구,그 외 기타 협회 및 단체,-,-,이진섭,2017.06.26
삼성포장기,중소기업,경기 안산시,기계·기계설비,20억원,41억,강두이,2012.07.11
삼성포장기,중소기업,부산 사상구,그 외 기타 상품 전문 도매업,"8,000만원",23억원9십만원,김현묵,2011.12.21
제이에스파트너스개발,중소기업,서울 강남구,비주거용 건물 개발 및 공급업,3억원,56억 3천만원,서재현,2007.11.22
케이티마린,중소기업,부산 영도구,외항 화물 운송업,10억원,383억 4백만원,박옥열,2001.05.01
케이티마린,대기업,부산 동구,일반 통신 공사업,326억 6천만원,"1,099억 6천만원",구본규/김병옥,1995.04.17
종합부품,중소기업,울산 동구,자동차·조선·철강·항공,"5,000만원",48억,김종환,2003.10.01
종합부품,중소기업,광주 북구,자동차 중고 부품 및 내장품 판매업,"5,000만원",28억 4천만원,이형귀,2020.10.01
종합부품,중소기업,인천 부평구,자동차용 신품 조향장치 및 현가 장치 제조업,-,-,황순문,2016.02.01
종합부품,중소기업,울산 울주군,백화점·유통·도소매,,,,
종합부품,중소기업,경기 남양주시,건설ㆍ광업용 기계 및 장비 도매업,,,,
종합부품,중소기업,전남 순천시,기타 자동차 신품 부품 및 내장품 판매업,,,,
종합부품,중소기업,전남 광양시,수송용 운송장비 도매업,,,,
아우라시스,중소기업,경기 용인시,전기·전자·제어,,,,
나비드키친웨어,중소기업,서울 중구,쇼핑몰·오픈마켓·소셜커머스,,,,
카뱅크,중소기업,인천 서구,콜센터·아웃소싱·기타,,,,
도농,중소기업,경기 남양주시,뷰티·미용,-,-,전성실,-
도농,중소기업,경기 구리시,학원·어학원·교육원,-,-,오규민,2020.03.02
도농,비영리법인,대전 서구,기타 교육지원 서비스업,"4,290만원",28억 3천만원,안중현,2009.12.15
도농,중소기업,경기 남양주시,제약·보건·바이오,-,-,지경구,2010.03.11
도농,국내 공공기관·공기업,전북 김제시,호텔·여행·항공,-,-,최승일,-
문경레저타운,중소기업,경북 문경시,골프장 운영업,10억원,200억 9천만원,전기홍,2013.03.15
백산종합건설,중소기업,경기 화성시,건물 건설업,13억 5천만원,83억 7천만원,유광수/이혜경,2001.02.12
백산종합건설,중소기업,경기 안양시,사무.상업용 및 공공기관용 건물 건설업,5억원,33억 7천만원,전운진,2006.09.28
백산종합건설,중소기업,전남 화순군,기타 토목시설물 건설업,,,,
월메이드,중소기업,서울 서대문구,시각 디자인업,,,,
월메이드,중소기업,경기 광명시,기타 공동 주택 건설업,,,,
혁성,중소기업,서울 도봉구,토목시설물 건설업,,,,
혁성,중소기업,충북 청주시,기타 도로화물 운송업,,,,
혁성,중소기업,서울 송파구,과실류 도매업,,,,
혁성,중소기업,경기 용인시,철골 및 관련 구조물 공사업,,,,
혁성,중소기업,경기 고양시,용달 화물자동차 운송업,,,,
혁성,중소기업,충북 충주시,그 외 기타 달리 분류되지 않은 제품 제조업,,,,
삼원특수지,중소기업,서울 광진구,백화점·유통·도소매,,,,
한양건설,중견기업,경기도 하남시,토목시설물 건설업,34억 5백만원,"2,213억 5천만원",김헌욱,1989.10.28
한양건설,중소기업,전북 정읍시,기타 토목시설물 건설업,10억원,98억 9백만원,임미옥,2008.01.01
한양건설,중소기업,경기 동두천시,콘크리트 및 철근 공사업,4억원,22억 8천만원,서지안,1995.02.01
한양건설,중소기업,전북 전주시,건설·시공·토목·조경,-,-,임종춘,-
한양건설,중소기업,충북 청주시,기타 토목시설물 건설업,15억 6천만원,89억 3천만원,조경훈/조천희,2011.07.07
한양건설,중소기업,경기 평택시,건물 건설업,5억원,12억 1천만원,옥두보,2018.11.26
한양건설,중소기업,서울 영등포구,그 외 기타 건축 마무리 공사업,5억원,67억 9천만원,박덕남/윤현철,2001.12.01
바투,중소기업,서울 영등포구,쇼핑몰·오픈마켓·소셜커머스,"1억 5,000만원",60억5천만,박인숙,2009
바투,중소기업,대전 유성구,전자감지장치 제조업,"1억 1,926만원","5,042만원",김재완,2018.10.16
바투,중소기업,서울 강남구,응용 소프트웨어 개발 및 공급업,"1억 8,000만원","4억 8,041만원",정종화,2018.05.11
바투,중소기업,강원 원주시,배관 및 냉ㆍ난방 공사업,3억원,166억 1천만원,안평원,2007.04.01
바투,중소기업,대구 달성군,섬유·의류·패션,"5,000만원",8억,유병철,2010.11.02
바투,중소기업,부산 기장군,문화·공연·예술,-,-,임현희,2014.05.02
히어리,중소기업,서울 동대문구,남녀용 겉옷 및 셔츠 도매업,,,,
프로텍트어베드코리아,중소기업,경기 성남시,백화점·유통·도소매,,,,
원우구조,중소기업,서울 강남구,건축설계 및 관련 서비스업,,,,
동국엔지니어링,중소기업,경북 고령군,건축·설비·환경,,,,
삼정주판,중소기업,경기 고양시,물류·운송·배송,-,-,김천수,-
제이엘씨,중소기업,대전 대덕구,"전자기 측정, 시험 및 분석기구 제조업",1억원,13억 6천만원,장지웅,2018.09.17
제이엘씨,중소기업,경기 하남시,화장품 제조업,"1억 5,000만원",159억 6천만원,이충식,2017.01.20
제이엘씨,중소기업,인천 서구,전기·전자·제어,1억원,11억,김영준,2021.07.07
제이엘씨,중소기업,경기 광명시,부동산 중개 및 대리업,-,-,박상훈,2017.08.23
제이엘씨,중소기업,서울 서초구,부동산 중개 및 대리업,-,-,이종일,-
제이엘씨,중소기업,경기 오산시,소방시설 공사업,1억원,10억 4천만원,이화준,2023.06.26
제이엘씨,중소기업,경기 광주시,모피 및 가죽 제조업,1억원,10억 8백만원,강대식,2015.12.16
제이엘씨,중소기업,전북 전주시,기타 가공식품 도매업,"5,000만원","6억 4,068만원",신지웅,2015.09.15
제이엘씨,중소기업,경기 용인시,부동산·중개·임대,"5,000만원",-,이채영,2017
유창이앤씨,중견기업,서울 양천구,건축·설비·환경,278억 7천만원,999억9200만,"조우제,조용재",1974.07.01
유창이앤씨,중소기업,경기 화성시,기타 절연선 및 케이블 제조업,2억원,173억 9천만원,전이섭,2002.01.01
유창이앤씨,중소기업,경기 남양주시,건설·시공·토목·조경,,,,
휴먼엘지,중소기업,서울 서초구,비주거용 건물 임대업,,,,
피엘에쓰,중소기업,경북 경주시,경영 컨설팅업,,,,
하은메디스,중소기업,서울 서대문구,제약·보건·바이오,,,,
유진종합건설,중소기업,인천 미추홀구,기타 토목시설물 건설업,,,,
유진종합건설,중소기업,경기 화성시,기타 공동 주택 건설업,,,,
유진종합건설,중소기업,경기 안산시,건물 건설업,,,,
유진종합건설,중소기업,경남 밀양시,아파트 건설업,,,,
유진종합건설,중소기업,경남 김해시,기타 비주거용 건물 건설업,,,,
범아상사,중소기업,부산 중구,"화물 포장, 검수 및 계량 서비스업",,,,
범아상사,중소기업,울산 남구,"기타 기술 시험, 검사 및 분석업",,,,
범아상사,중소기업,서울 강남구,기타 화학물질 및 화학제품 도매업,,,,
범아상사,중소기업,경기 부천시,"철물, 금속 파스너 및 수공구 도매업",,,,
제이제이엠알오,중소기업,경기 안양시,그 외 기타 기계 및 장비 도매업,,,,
예원,비영리법인,서울 송파구,일반 병원,,,,
예원,중소기업,경기 수원시,상용 인력 공급 및 인사관리 서비스업,,,,
예원,중소기업,서울 구로구,통신 재판매업,,,,
예원,벤처기업,경기 하남시,기계·기계설비,,,,
예원,중소기업,서울 강서구,출판·인쇄·사진,,,,
예원,중소기업,인천 남동구,쇼핑몰·오픈마켓·소셜커머스,,,,
예원,중소기업,서울 종로구,오프셋 인쇄업,,,,
예원,중소기업,경기 화성시,비주거용 건물 개발 및 공급업,,,,
예원,중소기업,경기 광명시,건물 및 구축물 해체 공사업,,,,
예원,중소기업,경기 남양주시,금속·재료·자재,,,,
동양텍엘리베이터,중소기업,울산 중구,건물용 기계.장비 설치 공사업,,,,
오피스디포코리아,중견기업,서울 강남구,백화점·유통·도소매,77억 1천만원,2029억,유재민,1998.12.09
케이티에스프린텍,중소기업,서울 종로구,기타 인쇄업,2억원,10억 8백만원,박수형,2008.01.01
의료법인아주의료재단,비영리단체·교육재단,광주광역시 북구,의료(병원분류별),-,-,김수홍,2020.07.06
의료법인아주의료재단,비영리법인,경기 화성시,일반 의원,"9억 9,905만원",54억 7천만원,하경숙,2010.04.01
에스엠텍,중소기업,경북 경산시,"전기회로 개폐, 보호장치 제조업",2억원,61억 7천만원,김호영,2012.03.21
에스엠텍,중소기업,부산 남구,자동차·조선·철강·항공,1억원,1백2십억원,진호문,2000.09.21
에스엠텍,중견기업,경기 안산시,"고무, 화학섬유 및 플라스틱 성형기 제조업","5,000만원",221억 5천만원,박성희/미야타시게지,1991.11.05
에스엠텍,중소기업,대전광역시 유성구,반도체·디스플레이·광학,3억원,57억 7천만원,장인구,2011.07.01
에스엠텍,벤처기업,경기 군포시,기계·기계설비,2억원,"국20억,중80억",김응균,2004.04.23
에스엠텍,중소기업,경기 광주시,매트리스 및 침대 제조업,"2억 8,000만원",10억 6백만원,이백,2015.08.03
에스엠텍,중소기업,서울 구로구,일반전기 공사업,"5억 1,000만원",112억 7천만원,신현칠,1998.01.22
에스엠텍,중소기업,경기 시흥시,그 외 기타 고무제품 제조업,1억원,2만원,강형욱,2013.10.31
에스엠텍,중소기업,경기도 하남시,기계·기계설비,1억원,20억,이내선,2007.07.12
에스엠텍,중소기업,경남 마산시,인쇄회로기판용 적층판 제조업,"5,000만원",22억 1천만원,곽선효,2008.10.30
다오영농조합법인,중소기업,제주 제주시,"채소류, 서류 및 향신작물류 도매업",,,,
엔씨씨디지탈,중소기업,경기 남양주시,일반 통신 공사업,,,,
효동항업,중소기업,전남 여수시,내항 화물 운송업,,,,
효동항업,중소기업,전남 여수시,내항 화물 운송업,,,,
덕산건설,중소기업,대구 북구,단독 주택 건설업,,,,
덕산건설,중소기업,전북 익산시,토공사업,,,,
덕산건설,중소기업,경북 경주시,콘크리트 및 철근 공사업,,,,
덕산건설,중소기업,전북 정읍시,기타 토목시설물 건설업,,,,
덕산건설,중소기업,서울 관악구,기타 토목시설물 건설업,,,,
덕산건설,중소기업,강원 춘천시,"도배, 실내장식 및 내장 목공사업",,,,
덕산건설,중소기업,경남 창원시,기타 토목시설물 건설업,,,,
아프로시스템즈,중소기업,경기 하남시,전기·전자·제어,,,,
센스플러스,중소기업,충남 천안시,"서적, 잡지 및 기타 인쇄물 도매업",,,,
가나안전자정밀,중소기업,인천 남동구,생활용품·소비재·기타,,,,
가나안전자정밀,중소기업,경남 창원시,전기·전자·제어,,,,
에코시티,중소기업,서울 성동구,금속류 원료 재생업,1억 521만원,14억 9백만원,이동현,2011.11.10
에코시티,중소기업,경기 수원시,주거용 건물 개발 및 공급업,5억원,937억 3천만원,신동화,2007.04.11
에코시티,중견기업,전북 전주시,주거용 건물 개발 및 공급업,340억원,345억 7천만원,황명중,2015.05.21
에코시티,중소기업,전남 순천시,비주거용 건물 임대업,5억원,2억 611만원,이정명,2015.04.21
에코시티,중소기업,경기 구리시,작물재배 지원 서비스업,-,-,김효선,-
에코시티,중소기업,서울 구로구,전자부품 실장기판 제조업,-,-,차진길,2019.02.01
에코시티,중소기업,전북 전주시,음식료·외식·프랜차이즈,-,-,송유진,2010.02.03
에코시티,중소기업,전북 전주시,치킨 전문점,-,-,김태경,2019.12.05
필에스엔에스,중견기업,서울특별시 성동구,사업시설 유지.관리 서비스업,40억원,"2,111억 7천만원",이문석,1970.09.26
필에스엔에스,중견기업,서울 마포구,출판·인쇄·사진,70억 1천만원,1243억,강호연,1993.09.06
필에스엔에스,대기업 계열사·자회사,서울 중구,백화점·유통·도소매,,,,
필에스엔에스,중견기업,경기 안산시,시설관리·보안·경비,,,,
필에스엔에스,대기업 계열사·자회사,서울 강서구,솔루션·SI·CRM·ERP,,,,
필에스엔에스,중소기업,서울 서초구,시스템 소프트웨어 개발 및 공급업,,,,
필에스엔에스,중소기업,서울 성동구,사무 및 회화용품 제조업,,,,
필에스엔에스,중소기업,부산 부산진구,건축물 일반 청소업,,,,
필에스엔에스,중소기업,경기 화성시,전기·전자·제어,,,,
필에스엔에스,중소기업,경기 화성시,부동산 투자자문업,,,,
비코,중소기업,서울 서대문구,호텔·여행·항공,"9억 6,000만원",46억8천만,Shan Wang,2006.05.10
비코,중소기업,서울 마포구,문화·공연·예술,1억원,13억,박형섭,2005
비코,중소기업,경북 칠곡군,탄소섬유 제조업,"3억 7,000만원","7억 2,269만원",이정화,2008.08.05
비코,중소기업,경기 포천시,기타 비철금속 주조업,"2억 8,000만원","5억 2,689만원",전순복,2018.09.14
비코,중소기업,서울 강남구,광고·홍보·전시,-,-,김선미,2013.12.25
비코,중소기업,경남 창원시,물류·운송·배송,-,-,장향정,2016.03.16
비코,중소기업,경기도 화성시,전기용 기계.장비 및 관련 기자재 도매업,"8억 5,548만원",124억 4천만원,윌리엄제이밀러,2001.01.01
비코,중소기업,경기 김포시,쇼핑몰·오픈마켓·소셜커머스,1억원,15억,노성민,2021
비코,중소기업,경기 파주시,상품 종합 도매업,-,-,차현경,2010.05.04
메디아스,중소기업,경기 과천시,의료기기 도매업,"1억 7,000만원",51억 5천만원,김동일,2016.09.01
케이제이인터내셔널,중소기업,경남 김해시,전자상거래 소매 중개업,"3,000만원",59억 9천만원,김재영,2018.02.23
케이제이인터내셔널,중소기업,서울 구로구,기타 가공식품 도매업,"5,300만원",-,김보석,2017.11.24
인디테크,중소기업,경기 안산시,전기·전자·제어,2억원,100억,이인태,2004.06.01
루트비,중소기업,경기 부천시,낙농품 및 동.식물성 유지 도매업,"1억 7,500만원",133억 2717천,나윤영,2015.01.12
케익모아,중소기업,경기 양주시,빵류 제조업,1억원,43억 8천만원,김대식,2015.09.01
청아실업,중소기업,서울 노원구,건축물 일반 청소업,"4억 4,252만원","9억 9,663만원",이말희,2015.06.11
유비텍,중소기업,서울 구로구,기타 엔지니어링 서비스업,,,,
유비텍,중소기업,강원 원주시,컨설팅·연구·조사,,,,
유비텍,중소기업,부산 해운대구,응용 소프트웨어 개발 및 공급업,,,,
유비텍,중소기업,대구 동구,네트워크·통신서비스,,,,
유비텍,중소기업,인천 부평구,그 외 기타 전자부품 제조업,,,,
유비텍,중소기업,서울 마포구,응용 소프트웨어 개발 및 공급업,,,,
유비텍,중소기업,충북 청주시,기타 반도체소자 제조업,,,,
유비텍,중소기업,경기 안산시,배관 및 냉ㆍ난방 공사업,,,,
유비텍,중소기업,충북 음성군,신문용지 제조업,,,,
유비텍,중소기업,부산 수영구,전기·전자·제어,,,,
홍성산업,중소기업,서울특별시 강남구,기타 1차 비철금속 제조업,,,,
홍성산업,중소기업,경기 화성시,건설·시공·토목·조경,,,,
비아이티,중견기업,서울 종로구,응용 소프트웨어 개발 및 공급업,44억 5천만원,"2,370억 1천만원",강민균/변재철,2006.05.08
비아이티,대기업 계열사·자회사,경기 성남시,시스템 소프트웨어 개발 및 공급업,42억 7천만원,257억 5천만원,홍광표,2014.09.01
비아이티,중견기업,경기 과천시,솔루션·SI·CRM·ERP,,,신장호,1981
비아이티,중소기업,서울 강남구,컴퓨터시스템 통합 자문 및 구축 서비스업,,200억,이강호,2011.12.27
비아이티,벤처기업,경기 성남시,전기·전자·제어,4억원,38억 2천만,박 윤서,2000.12.23
비아이티,중소기업,서울 구로구,솔루션·SI·CRM·ERP,3억원,31억,황규환,1997.11.15
비아이티,중소기업,서울 송파구,전기·전자·제어,3억원,214억,김주연,2000.09.29
비아이티,대기업,서울 용산구,컴퓨터시스템 통합 자문 및 구축 서비스업,30억원,"1,171억 1천만원",조의제,2021.01.01
비아이티,대기업,경기 의왕시,은행·금융,-,-,손병환,2012.03.02
예공종합건설,중소기업,서울 강북구,건물 건설업,5억원,274억 4천만원,하용수,2001.01.05
예공종합건설,중소기업,인천 동구,건물 건설업,"5억 1,000만원",65억 5천만원,유정식,2002.12.01
영동건설,중견기업,인천 부평구,토목시설물 건설업,25억 6천만원,905억 4천만원,곽창우,1994.07.08
영동건설,중소기업,경기 김포시,건설·시공·토목·조경,2억원,39억 7천만원,김대연,2013
영동건설,중소기업,서울 양천구,유리 및 창호 공사업,-,-,양동석,2010.07.15
영동건설,중소기업,부산 수영구,제조업 및 유사 산업용 건물 건설업,16억 5천만원,406억 7천만원,강호영/김동균,2011.02.01
영동건설,중소기업,서울 성동구,비주거용 건물 임대업,"7,170만원",12억 1천만원,이종용,1967.02.13
태백축산,중소기업,경남 김해시,식품가공,7억원,288억,김창순,2014.01.24
에스엠아트,중소기업,인천 서구,건축·설비·환경,,,,
에스엠아트,중소기업,경북 포항시,그 외 기타 건축 마무리 공사업,,,,
유송타일,중소기업,경기 고양시,그 외 기타 건축자재 도매업,,,,
사회복지법인어린이재단,대기업,대구 서구,협회·단체,-,-,문희영,-
사회복지법인어린이재단,비영리단체·교육재단,경남 김해시,학원·어학원·교육원,-,-,손재익,2004.05.04
사회복지법인어린이재단,중소기업,경남 통영시,유아·유치원·어린이집,5억원,-,박덕규,2004.06.01
아희안,중소기업,서울 송파구,건축·설비·환경,3억원,,황선동,2005.01.01
한보엔지니어링,중소기업,대구 동구,건설·시공·토목·조경,30억원,200억,김기태,1994
한보엔지니어링,중소기업,서울 송파구,건설·시공·토목·조경,1억원,20억,이형우,2006
유디코,중소기업,경기 구리시,건축·설비·환경,1억원,10억,임지수,2020.01.01
유디코,중소기업,경기 구리시,시설관리·보안·경비,-,-,김종연,2015.12.04
유디코,중소기업,경기 부천시,기타 주변기기 제조업,-,-,김상인,2016.03.02
유디코,중소기업,경기 하남시,음ㆍ식료품 및 담배 중개업,"5,000만원",매출액 50억,김광배,2008.01.22
강남이앤씨,중소기업,광주 서구,건물 및 구축물 해체 공사업,3억원,92억 9천만원,이학곤,2008.03.25
강남이앤씨,중소기업,강원 강릉시,유리 및 창호 공사업,,,,
대성토건,중소기업,울산 중구,포장 공사업,10억원,30억 9천만원,김형석,2001.04.01
제이에스,중견기업,경기 용인시,그 외 자동차용 신품 부품 제조업,139억 1천만원,"6,262억 5천만원",최정연/이동원,1976.06.10
제이에스,중소기업,서울 서초구,조적 및 석 공사업,13억 4천만원,51억 5천만원,최재정,2000.03.03
제이에스,중견기업,서울 성동구,쇼핑몰·오픈마켓·소셜커머스,3억 4만원,2800억,이상준,1999.08.20
제이에스,중소기업,경기 시흥시,사업시설 유지.관리 서비스업,"5억 5,000만원",139억 3천만원,이종순,2007.02.01
제이에스,중소기업,인천 부평구,전기·전자·제어,5억원,300억,김진수,2006.11.13
제이에스,중소기업,대전 중구,임시 및 일용 인력 공급업,2억원,67억 9천만원,김숙자,2003.04.25
제이에스,중소기업,충남 천안시,그 외 자동차용 신품 부품 제조업,50억원,"1,262억 6천만원",한흥수/한상우,2001.08.14
제이에스,중소기업,서울 강남구,호텔·여행·항공,48억원,250억,김정수,1984.07.07
제이에스,중소기업,경기 오산시,임시 및 일용 인력 공급업,1억원,25억 8천만원,최성진,2017.11.10
제이에스,중소기업,서울 강남구,물류·운송·배송,"1,400억 3천만원",275억 4천만,김종현,2019
스크리나,중소기업,서울 강남구,포털·컨텐츠·커뮤니티,,,,
스크리나,중소기업,서울 중구,백화점·유통·도소매,,,,
스크리나,중소기업,서울 서초구,고용 알선업,"5,000만원",8억 143만원,서창호,2014.12.01
스크리나,중소기업,서울 마포구,"컴퓨터 및 주변장치, 소프트웨어 도매업",1억원,22억 4백만원,이상운,2014.10.15
스크리나,중소기업,서울 강남구,운동 및 경기용품 도매업,3억원,10억 4천만원,장지연,2015.08.22
스크리나,중소기업,서울 마포구,음식료·외식·프랜차이즈,-,-,하미현,2015
스크리나,중소기업,경기 성남시,과자류 및 코코아 제품 제조업,"7억 6,284만원",50억 7천만원,김경미,2020.02.12
진성리테일,중소기업,서울 동대문구,전자상거래 소매 중개업,,,,
에이엠티,중소기업,경기 파주시,광고·홍보·전시,,,,
에이엠티,중소기업,충남 아산시,반도체·디스플레이·광학,,,,
에이엠티,중소기업,경기 화성시,항공기용 부품 제조업,,,,
에이엠티,중소기업,경기 성남시,전기식 진단 및 요법 기기 제조업,,,,
에이엠티,중소기업,충북 괴산군,기타 제철 및 제강업,,,,
에이엠티,중소기업,대전 대덕구,금속·재료·자재,,,,
에이엠티,중소기업,서울 중구,그 외 기타 분류 안된 사업지원 서비스업,,,,
에이엠티,중소기업,전북 익산시,금속 단조제품 제조업,,,,
에이엠티,중소기업,경기 광주시,반도체·디스플레이·광학,,,,
에이엠티,중소기업,인천 남동구,화물자동차 및 특수목적용 자동차 제조업,,,,
신호시스템,중소기업,경기 성남시,전기·전자·제어,"1억 5,000만원",75억원,이인찬,1998.10.19
신호시스템,중소기업,경기 부천시,전기·전자·제어,2억원,26억,경원현,1988
신호시스템,중소기업,서울 영등포구,시스템 소프트웨어 개발 및 공급업,-,-,구대완,2011.02.18
큐엘,중소기업,경기 부천시,보험 대리 및 중개업,-,-,인선교,2009.05.21
큐엘,중소기업,경기 성남시,방송 및 무선 통신장비 제조업,,,이재원,2000.05.04
큐엘,대기업,서울 종로구,시스템 소프트웨어 개발 및 공급업,57억 4천만원,"1,517억 2천만원",정삼용,2000.03.20
큐엘,중소기업,경북 경주시,경비 및 경호 서비스업,"6억 9,000만원",780억 1천만원,박범수,2019.07.01
큐엘,중소기업,서울 강남구,기타 운동 및 경기용구 제조업,"5,000만원",71억 7천만원,윤지유,2020.10.23
큐엘,중소기업,서울 성동구,솔루션·SI·CRM·ERP,,,전주호,2012.02.01
큐엘,중소기업,서울 강남구,영화관 운영업,20억원,59억 8천만원,유제천,2020.06.01
큐엘,중소기업,서울 강남구,기타 금융 투자업,891억 2천만원,186억 6천만원,황희연,1982.12.17
큐엘,중소기업,서울 마포구,연예·엔터테인먼트,,,김규욱,2013.08.19
큐엘,중소기업,서울 강서구,방송·케이블·프로덕션,30억 5백만원,1181억,김형철,1962
신성강업,중소기업,경기 화성시,1차 금속제품 도매업,,,이문구,2005.03.16
탑코리아엘리베이터,중소기업,서울 강서구,그 외 기타 분류 안된 사업지원 서비스업,"3억 2,000만원",26억 8천만원,김대성,2016.02.29
포스트모던,중소기업,광주 광산구,"도배, 실내장식 및 내장 목공사업",,,,
포스트모던,중소기업,서울 마포구,전자상거래 소매 중개업,,,,
포스트모던,중소기업,서울 서초구,음악학원,,,,
한국웨딩주얼리,중소기업,서울 종로구,귀금속 및 관련제품 제조업,,,,
위제스,중소기업,전북 익산시,농업 및 임업용 기계 제조업,,,,
위제스,중소기업,경북 포항시,"치약, 비누 및 기타 세제 제조업",,,,
씨에스켐텍,대기업,서울 영등포구,컴퓨터시스템 통합 자문 및 구축 서비스업,,,,
씨에스켐텍,중소기업,서울 송파구,생활화학·화장품,,,,
씨에스켐텍,대기업 계열사·자회사,서울 금천구,네트워크·통신서비스,,,,
씨에스켐텍,대기업,서울 강남구,콜센터 및 텔레마케팅 서비스업,,,,
씨에스켐텍,외국계(외국 법인기타),경기 용인시,반도체·디스플레이·광학,,,,
씨에스켐텍,대기업 계열사·자회사,서울 강남구,증권·보험·카드,,,,
씨에스켐텍,중견기업,서울특별시 금천구,"치약, 비누 및 기타 세제 제조업",,,,
씨에스켐텍,중소기업,서울 영등포구,기타 일반 기계 및 장비 수리업,,,,
씨에스켐텍,벤처기업,충북 청주시,솔루션·SI·CRM·ERP,,,,
씨에스켐텍,중소기업,경기 용인시,기계·기계설비,,,,
동인화학,중소기업,경기 부천시,운송장비 조립용 플라스틱제품 제조업,,,,
동인화학,중견기업,경기 평택시,화학·에너지·환경,,,,
다와산업,중소기업,충북 청주시,"철물, 금속 파스너 및 수공구 도매업",,,,
오토파트,중소기업,경기 안양시,자동차용 전용 신품 부품 판매업,-,-,윤진우,2020.07.15
오토파트,중소기업,서울 동대문구,기타 자동차 신품 부품 및 내장품 판매업,,,,
오토파트,중소기업,서울 동대문구,자동차용 전용 신품 부품 판매업,"5,000만원",34억 3천만원,김선웅,2014.08.22
오토파트,중소기업,서울 송파구,상품 종합 도매업,"3억 5,000만원",63억 5천만원,함훈성,2009.07.01
오토파트,중소기업,경기 수원시,백화점·유통·도소매,-,-,김태순/박대연,-
오토파트,중소기업,서울 성동구,기타 자동차 신품 부품 및 내장품 판매업,2억원,63억 5천만원,정경수,2007.03.21
오토파트,중소기업,서울 성동구,자동차 중고 부품 및 내장품 판매업,"5,000만원",40억,이용우,2006.10.10
오토파트,중소기업,서울 동대문구,자동차 중고 부품 및 내장품 판매업,1억원,25억 3천만원,우일근,2016.07.01
오토파트,중소기업,대전광역시 대덕구,물류·운송·배송,-,-,김백수,-
코비젼,벤처기업,서울 강서구,솔루션·SI·CRM·ERP,,,,
코비젼,중소기업,인천 서구,치과용 기기 제조업,"2억 7,000만원",47억 3천만원,신태호,2014.10.25
삼양화학실업,중소기업,서울 강남구,석탄화학계 화합물 및 기타 기초 유기 화학물질 제조업,17억 5천만원,611억 2천만원,박에릭,1988.01.04
대경산업,중소기업,경기 고양시,건설·시공·토목·조경,,,정하희,1982.08.15
대경산업,중소기업,경기 안양시,"알루미늄 제련, 정련 및 합금 제조업",-,-,이종수,1960.05.23
대경산업,중소기업,경남 합천군,금속류 원료 재생업,,,,
대경산업,중소기업,경기 의왕시,포장용 플라스틱 성형용기 제조업,,,,
대경산업,중소기업,인천 남동구,금속·재료·자재,,,,
대경산업,중소기업,전남 장성군,건설·시공·토목·조경,,,,
대경산업,중소기업,대구 달서구,그 외 기타 플라스틱 제품 제조업,,,,
대경산업,중소기업,서울 종로구,그 외 기타 기계 및 장비 도매업,,,,
대경산업,중소기업,울산 남구,전기·전자·제어,,,,
대경산업,중소기업,대구 북구,도장 공사업,,,,
아이스트,중소기업,서울 송파구,건물 및 토목 엔지니어링 서비스업,,,,
아이스트,중소기업,전북 익산시,방사선 장치 제조업,,,,
아이스트,중소기업,세종 한누리대로,교과서 및 학습서적 출판업,,,,
아이스트,외국계(외국 법인기타),인천광역시 서구,전기·전자·제어,,,,
아이스트,중소기업,서울 용산구,쇼핑몰·오픈마켓·소셜커머스,,,,
대방스페샬스틸,중소기업,경남 김해시,선박 구성 부분품 제조업,"2억 4,716만원",218억 1천만원,김양규,2005.07.01
대아통상,중소기업,서울 서초구,전기용 기계.장비 및 관련 기자재 도매업,"5,000만원",12억 4천만원,강동훈,1992.08.20
주신산업,중소기업,경기 시흥시,자동차·조선·철강·항공,-,-,유경근,1999.11.19
주신산업,중소기업,경기 성남시,상품 종합 도매업,"2억 7,996만원",15억 5천만원,유희영,2010.05.10
주신산업,중소기업,경기 김포시,토목시설물 건설업,1억원,6억 509만원,강재윤,2016.08.05
주신산업,중소기업,경기 화성시,금속·재료·자재,-,-,이지행,2014.02.17
주신산업,개인,경기 포천시,그 외 기타 상품 전문 소매업,-,-,이해욱,-
주신산업,중소기업,경기 양주시,컨베이어장치 제조업,7억 981만원,"6억 8,138만원",신현규,2002.07.29
주신산업,중소기업,경기 고양시,두부 및 유사식품 제조업,-,-,이효은,2002.12.10
주신산업,중소기업,대전 동구,건설·시공·토목·조경,-,-,이주민,2017.06.01
세림바이오테크,중소기업,경남 양산시,"치약, 비누 및 기타 세제 제조업",2억원,"6억 3,942만원",김준완,2015.05.14
신유,중소기업,전남 담양군,임시 및 일용 인력 공급업,,,,
신유,중소기업,경기도 남양주시,건축·설비·환경,,,,
신유,중소기업,경기 용인시,주거용 건물 개발 및 공급업,,,,
신유,중소기업,경기 김포시,건설·시공·토목·조경,,,,
신유,중소기업,경기 김포시,비주거용 건물 개발 및 공급업,,,,
신유,중소기업,서울 성북구,배관 및 냉ㆍ난방 공사업,,,,
신유,중소기업,충북 충주시,영화관 운영업,,,,
신유,중소기업,부산 강서구,생활용 유리ㆍ요업ㆍ목재ㆍ금속 제품 및 날붙이 도매업,,,,
신유,중소기업,경기도 하남시,전자상거래 소매업,,,,
신유,중소기업,서울 양천구,배관 및 냉ㆍ난방 공사업,,,,
에바,벤처기업,경기 성남시,전기·전자·제어,,,이훈,2018.11.16
에바,중소기업,인천 중구,항공 여객 운송업,-,276억 2천만원,린보우슈,2003.08.29
에바,중소기업,대전 유성구,기계·기계설비,"5,000만원",24억,박해준,2000.02.05
에바,중소기업,경기 용인시,전자감지장치 제조업,"5,000만원",41억 9천만원,배연식,2012.09.06
에바,중소기업,서울 강남구,여자용 겉옷 제조업,,,김준희,2020.08.18
에바,중소기업,경기 성남시,생활용품·소비재·기타,"2,500만원",7억5천만,안애진,2015.02.16
에바,중소기업,서울 중구,가죽의복 제조업,-,-,한초이,2017.12.01
에바,중소기업,서울 금천구,시스템 소프트웨어 개발 및 공급업,2억원,81억 7천만원,진성주,2017.12.01
에바,중소기업,울산 남구,가전제품 및 부품 도매업,-,-,김현섭,-
에바,중소기업,부산 강서구,금속·재료·자재,-,-,변희선,2011.11.01
한성체리티,중소기업,경기 광주시,남녀용 겉옷 및 셔츠 도매업,4억원,126억 4천만원,이원영,1994.12.16
농업회사법인대영농원,중견기업,경북 영천시,농축산·어업·임업,-,-,우대일,-
메가셀,중소기업,충남 천안시,반도체·디스플레이·광학,,,,
메가셀,중소기업,경기 평택시,건축·설비·환경,,,,
메가셀,중소기업,경기 용인시,기타 전기 변환장치 제조업,,,,
메가셀,중소기업,서울 영등포구,컨설팅·연구·조사,,,,
메가셀,중소기업,서울 금천구,그 외 기타 의료용 기기 제조업,,,,
메가셀,중소기업,경기 수원시,전지 및 케이블 도매업,,,,
엘케이시스템즈,중소기업,경기 평택시,반도체·디스플레이·광학,,,,
엘케이시스템즈,벤처기업,대전광역시 유성구,전기·전자·제어,,,,
제이앤비텍,중소기업,서울 금천구,섬유·의류·패션,,,,
신평이앤씨,중소기업,서울 서초구,건축·설비·환경,,,,
엘엑스,대기업,서울 종로구,"화물운송 중개, 대리 및 관련 서비스업",100억원,"4조 2,004억원",이용호,1977.02.01
엘엑스,공공기관,전북 전주시,측량업,100억원,"5,139억 8천만원",최규성,1977.07.01
엘엑스,대기업 계열사·자회사,대전 유성구,반도체·디스플레이·광학,81억 3천만원,"1조 1,618억",손보익,1999.11.11
엘엑스,대기업,서울 종로구,상품 종합 중개업,"1,938억원","3조 6,498억원",윤춘성,1953.11.26
엘엑스,대기업,전남 여수시,석탄화학계 화합물 및 기타 기초 유기 화학물질 제조업,240억원,"8,643억 6천만원",박종일/카타오카신야,1991.04.01
엘엑스,대기업,서울 서초구,금속·재료·자재,250억원,3548억6359만,이강훈,1957.03.25
엘엑스,중소기업,전북 전주시,"산업설비, 운송장비 및 공공장소 청소업",5억원,72억 9천만원,이민수,2018.11.02
엘엑스,중소기업,서울 구로구,네트워크·통신서비스,2억원,95억,민은기,2007
엘엑스,중소기업,강원 원주시,그 외 자동차용 신품 부품 제조업,5억 658만원,90억 3백만원,김영국,1998.11.01
엘엑스,중소기업,경기 광주시,공작용 기계 및 장비 도매업,"2,000만원",37억 5천만원,이상배,2017.01.18
아이넷피드,중소기업,서울 송파구,무역·상사,3억원,170억,윤관혁,2002.03.16
제일학원,중소기업,경남 진주시,일반 교과 학원,1억원,4억 122만원,김재경,2016.08.01
제일학원,중소기업,대전 유성구,기타 교육지원 서비스업,"5,000만원","8억 9,469만원",김종윤,2014.02.17
제일학원,중소기업,서울 마포구,학원·어학원·교육원,,,,
제일학원,중소기업,대전광역시 유성구,기타 교육지원 서비스업,,,,
제일학원,중소기업,인천 미추홀구,기타 기술 및 직업훈련학원,,,,
제일학원,중소기업,서울 성동구,기타 교습학원,,,,
제일학원,중소기업,광주 광산구,학원·어학원·교육원,,,,
제일학원,중소기업,경기 포천시,운전학원,,,,
뉴냅스,중소기업,서울 송파구,의학 및 약학 연구개발업,,,,
성진레미콘,중소기업,인천광역시 남동구,레미콘 제조업,,,,
한국산업안전보건기술원,중소기업,경기 수원시,"그 외 기타 분류 안된 전문, 과학 및 기술 서비스업","3,000만원",14억 4천만원,정의석,2017.11.02
에스엔티,외국계(외국 투자기업),서울 강남구,자동차·조선·철강·항공,-,-,지승훈,1996
에스엔티,중견기업,서울 종로구,내부 통신배선 공사업,22억 3천만원,"7,804억 3천만원",이응준,2015.09.08
에스엔티,대기업,서울 강남구,사무용 기계 및 장비 제조업,41억 6천만원,"7,548억 5백만원",최방섭,1987.01.01
에스엔티,중견기업,부산 기장군,그 외 자동차용 신품 부품 제조업,731억 1천만원,"9,473억 2천만원",권형순,2002.02.06
에스엔티,중견기업,서울 마포구,출판·인쇄·사진,70억 1천만원,1243억,강호연,1993.09.06
에스엔티,중소기업,서울 서초구,기타 금융 투자업,"5억 8,250만원",148억 2천만원,김양우/최창해,2012.03.12
에스엔티,중소기업,경기 성남시,정밀기기 및 과학기기 도매업,2억원,381억 6백만원,이상훈,2001.01.04
에스엔티,중소기업,인천 서구,전동기 및 발전기 제조업,,,,
에스엔티,중소기업,인천 계양구,콜센터·아웃소싱·기타,3억원,15억9천만,권오중,2009
에스엔티,중견기업,충북 청주시,반도체·디스플레이·광학,25억원,345억 5천만원,정우진,2015.07.01
엠플렉스,중소기업,서울 마포구,매니저업,-,-,최갑원,2019.11.27
엠플렉스,중소기업,서울 송파구,영화·음반·배급,-,-,서양원,-
엠플렉스,중소기업,서울 강남구,응용 소프트웨어 개발 및 공급업,"9억 9,500만원",296억 1천만원,노해일,2020.11.19
엠플렉스,중소기업,인천 연수구,음식료·외식·프랜차이즈,-,-,백화목,-
엠플렉스,중소기업,서울 강서구,광고·홍보·전시,-,-,배철현,2019
엠플렉스,중소기업,경기 안산시,전기·전자·제어,,,,
초원환경,중소기업,강원 양양군,지정 외 폐기물 처리업,,,,
케이엠아이테크,중소기업,경기 화성시,반도체·디스플레이·광학,,,,
하이넷네트웍스,중소기업,서울 관악구,일반 통신 공사업,2억원,95억 2천만원,김동순,2009.07.01
제이제이아이앤티,중소기업,경기 김포시,쇼핑몰·오픈마켓·소셜커머스,"1억 5,000만원",1만원,홍성제,2010.09.10
일송,중견기업,경기 용인시,골프장 운영업,276억원,185억 4백만원,이병진,1985.10.28
일송,중소기업,서울 강남구,응용 소프트웨어 개발 및 공급업,2억원,15억 2천만원,송영덕,2003.05.27
일송,중소기업,서울 강서구,출판·인쇄·사진,2억원,12억,손중목,1995
일송,중소기업,경기 안산시,"직물, 편조원단 및 의복류 염색 가공업","9,500만원",32억 7백만원,송채중,2016.08.08
일송,중소기업,대구 달성군,주형 및 금형 제조업,1억원,34억 5백만원,권성철,2016.01.01
일송,중소기업,인천 서구,금속·재료·자재,5억원,20억,최진구,1999.01.01
일송,중소기업,경기 안성시,스포츠·여가·레저,-,-,한상준,1998.05.01
일송,중소기업,강원 원주시,의약품 및 의료용품 소매업,"2억 5,000만원",83억 5백만원,박정숙/유재석,2004.11.01
일송,중소기업,서울 금천구,"기타 기술 시험, 검사 및 분석업","1억 5,000만원",22억 7천만원,정호면,2005.02.21
일송,중소기업,대전 서구,건설·시공·토목·조경,-,-,김성근,2001.01.10
에이비제이종합건설,중소기업,인천 서구,주거용 건물 건설업,-,-,안덕호/방인준/장진수,2020.01.14
동양키친나라,중소기업,서울 송파구,백화점·유통·도소매,,,,
충북개발공사,비영리법인,충청북도 청주시,기타 부동산 개발 및 공급업,,,,
충북개발공사,비영리법인,충남 홍성군,기타 부동산 개발 및 공급업,,,,
충북개발공사,국내 공공기관·공기업,충북 진천군,건설·시공·토목·조경,,,,
충북개발공사,국내 공공기관·공기업,충북 청주시,공기업·공공기관,,,,
하이텍검사,중소기업,경남 창원시,자동차·조선·철강·항공,-,-,정양우,2013.05.24
에듀토셀,벤처기업,서울 성북구,컨설팅·연구·조사,,,오승연,2012.03.16
에듀토셀,중소기업,경기 군포시,기타 교육지원 서비스업,-,-,유대현,2012.11.14
에듀토셀,중소기업,경기 양평군,일반 교과 학원,,,민송희,2014.10.31
에듀토셀,개인,인천 남동구,일반 교습 학원,-,-,이말숙,-
신영전자,중소기업,경북 구미시,기타 반도체소자 제조업,10억원,55억 3천만원,곽동환,1987.10.01
신영전자,중소기업,충북 청주시,운송장비용 조명장치 제조업,"1억 1,000만원",14억 9천만원,홍석중,1992.09.01
이지종합건설,중소기업,서울 강서구,건설·시공·토목·조경,5억원,80억,박삼차,2013.01.31
이지종합건설,중소기업,충남 천안시,건축·설비·환경,-,-,이종훈,-
태호이노베이션,벤처기업,서울 금천구,전기·전자·제어,"5,000만원","3억 1,141만원",김경식,2014.06.18
코바엔지니어링,중소기업,서울 용산구,건물 및 토목 엔지니어링 서비스업,"3억 2,500만원","3억 8,350만원",최은숙,2016.01.13
테크인코리아,외국계(외국 투자기업),서울 서초구,기계·기계설비,34억원,,데이비드 라일 버츠,2012.10.19
테크인코리아,중소기업,서울특별시 강남구,기타 무선 통신장비 제조업,"5,000만원","1,452억 1천만원",디셈버그린엔리케즈,1999.12.09
테크인코리아,중소기업,서울 성동구,경비 및 경호 서비스업,1억원,19억 8백만원,이광욱,2015.12.08
세무법인담솔,중소기업,서울 강남구,회계·세무·법무,-,-,김진규,1997.06.09
세무법인담솔,중소기업,서울 강남구,회계·세무·법무,-,-,박종주,2001.09.01
지일,벤처기업,경기 남양주시,디자인·CAD,,,,
지일,중소기업,인천 서구,기계·기계설비,,,,
지일,중소기업,전북 익산시,합성수지 및 기타 플라스틱 물질 제조업,,,,
지일,중소기업,경기 남양주시,학원·어학원·교육원,,,,
지일,중소기업,경기 고양시,일반 교과 학원,,,,
지일,중소기업,경기 시흥시,기계·기계설비,,,,
지일,중소기업,서울 강남구,회계·세무·법무,,,,
이앤티스소재,중소기업,전남 광양시,화학·에너지·환경,,,,
다나에너지,외국계(외국 법인기타),서울시 중구,전기·전자·제어,,72억 3500만,PIAO SONGZHE,1994
다나에너지,중소기업,서울 금천구,제조업 및 유사 산업용 건물 건설업,,,정찬석,2016.10.07
다나에너지,중소기업,대구 달서구,전기용 기계.장비 및 관련 기자재 도매업,"1억 5,000만원",17억 8천만원,김명희,2017.07.01
다나에너지,중소기업,광주 북구,응용 소프트웨어 개발 및 공급업,"4억 2,000만원",22억 8천만원,전석,2016.07.05
다나에너지,중소기업,서울 강서구,액체연료 및 관련제품 도매업,1억원,421억 7천만원,박동찬,2000.05.02
다나에너지,중소기업,서울 성동구,건축·설비·환경,-,-,"김광혁, 김영중",2018.08.28
에이피지코리아케이이,중견기업,경남 창원시,연료용 가스 제조 및 배관공급업,127억 1천만원,"8,175억 1천만원",신창동,1972.07.17
에이피지코리아케이이,중견기업,경남 김해시,그 외 기타 분류 안된 사업지원 서비스업,-,-,김이재,2015.10.01
순신,중소기업,서울 구로구,음식료·외식·프랜차이즈,-,-,전용천,2013.07.06
순신,중소기업,서울 강서구,김밥 및 기타 간이 음식점업,-,-,신민호,-
피드앤,대기업,서울 중구,동물용 사료 및 조제식품 제조업,"5억 3,001만원","5,186억 3천만원",김대현,2019.07.01
피드앤,중소기업,경북 고령군,육지동물 및 애완동물 도매업,5억원,90억 8천만원,이상민,2017.02.21
동우농산,중소기업,경기 광주시,곡물 및 유지작물 도매업,2억원,823억 6천만원,안선애,2000.04.01
신세계사이먼시흥점,중소기업,경기 시흥시,상품 종합 중개업,-,-,조현기,2007.06.24
삼정가스공업,중소기업,인천 서구,산업용 가스 제조업,"2억 5,000만원",154억 1천만원,심승일,1989.04.01
고려진공안전,중소기업,경기 양주시,건설·시공·토목·조경,-,-,김광자,2004.10.10
윈로드시스템,중소기업,경기 화성시,유리 및 창호 공사업,"3억 7,000만원",74억 7천만원,김윤석,2012.02.22
신영,중견기업,서울 강남구,주거용 건물 개발 및 공급업,113억 5천만원,,손종구,1989.05.01
신영,중견기업,경북 영천시,자동차 차체용 신품 부품 제조업,181억 8천만원,"4,524억 2천만원",강호갑/손종억/김종철,1999.03.01
신영,대기업,서울특별시 영등포구,증권 중개업,822억원,"2조 4,057억원",원종석/황성엽,1956.02.25
신영,중견기업,서울 강남구,공공관계 서비스업,10억원,37억 7천만원,박희원,2018.11.01
신영,중견기업,서울 금천구,비주거용 건물 임대업,12억원,10억 3천만원,신영주,1999.05.01
신영,중견기업,서울 강남구,비주거용 부동산 관리업,53억 8백만원,530억 9천만원,이상무,1974.05.08
신영,중견기업,경기도 성남시,아파트 건설업,43억 4천만원,"2,143억 6천만원",이승민,1969.04.15
신영,대기업,서울 영등포구,신탁업 및 집합투자업,"1,000억원",444억 6천만원,박순문,2019.06.03
신영,중소기업,서울 성동구,출판·인쇄·사진,"1억 5,000만원",57억,장익주,1992.01.03
신영,중소기업,대전 동구,섬유·의류·패션,-,-,이의평/이호성/이성원,1968.10.21
쿠어스텍코리아,외국계(외국 법인기타),경상북도 구미시,전기·전자·제어,309억 8천만원,989억 4천만원,데이비드마이클부쉬,2007
상신프렌트,중소기업,서울 서초구,기계·기계설비,-,-,이종숙,1995
아리아스트레이드,중소기업,서울 서초구,백화점·유통·도소매,"2억 5,000만원",114억 4천만,이영진,2001.11.20
남양학원,중소기업,경남 창원시,학원·어학원·교육원,-,-,황정민,-
남양학원,중소기업,경기 화성시,기타 기술 및 직업훈련학원,-,-,배석란,2019.08.03
남양학원,중소기업,경남 창원시,학원·어학원·교육원,-,-,박진선,2009.09.01
대원,중견기업,서울 성동구,완제 의약품 제조업,,,,
대원,중견기업,서울 용산구,그 외 기타 상품 전문 도매업,63억 1천만원,"1,777억 2천만원",정욱/정동훈,1977.12.06
대원,중견기업,서울 성동구,시외버스 운송업,100억 6천만원,"2,892억 7천만원",허상준,1961.04.01
대원,대기업 계열사·자회사,충남 천안시,자동차·조선·철강·항공,310억원,1조 245억,김항수,1946.09.20
대원,중견기업,경기 안산시,그 외 자동차용 신품 부품 제조업,100억 1천만원,"8,313억 7천만원",허재건/허재명/김재덕,1968.09.10
대원,중견기업,충북 청주시,건설·시공·토목·조경,55억 2천만원,3195억 8천만,전응식,1972.02.01
대원,중견기업,서울 용산구,백화점·유통·도소매,25억원,8121억,"이상호, 하성원, 김보경",1988
대원,대기업,경기 안산시,그 외 자동차용 신품 부품 제조업,58억원,"3,662억 2천만원",김재석/박민희,1984.01.01
대원,중견기업,경북 안동시,운송장비용 주유소 운영업,"3억 5,000만원","1,831억 5천만원",이동근/조재환,1971.07.10
대원,중소기업,경기 성남시,솔루션·SI·CRM·ERP,-,100억,라은철,2006.08.09
티지투,중소기업,서울 마포구,경영 컨설팅업,-,-,이병협,2022.04.15
대덕피엔씨,중소기업,인천 서구,전기·전자·제어,"5,000만원",-,박준표,2004
대덕피엔씨,중소기업,경기 화성시,그 외 기타 고무제품 제조업,"1억 5,000만원",78억 2천만원,이태희,2012.06.26
대덕피엔씨,중소기업,경기 이천시,환경 관련 엔지니어링 서비스업,3억원,"5억 6,237만원",윤여찬,2018.11.29
엔지니어링원,중소기업,서울 강남구,건설·시공·토목·조경,-,-,김선영,2018.01.05
엔지니어링원,중소기업,서울 금천구,전기·전자·제어,10억원,25억5천만,조찬호,1988
엔지니어링원,중소기업,대전 유성구,배관 및 냉ㆍ난방 공사업,"3억 1,000만원",428억 2천만원,이정복,2007.04.16
엔지니어링원,중소기업,경기 화성시,컨베이어장치 제조업,"1억 5,000만원",209억 7천만원,이승근,2020.07.31
엔지니어링원,중소기업,울산 북구,선박 구성 부분품 제조업,2억원,24억 3천만원,김옥희,1998.07.07
엔지니어링원,중소기업,서울 금천구,컨설팅·연구·조사,,,양준호,2015.08.05
엔지니어링원,중소기업,경남 창원시,선박 구성 부분품 제조업,-,-,신상병,-
엔지니어링원,중소기업,서울 마포구,기타 엔지니어링 서비스업,"5,000만원",17억 6천만원,이원묵,2019.12.11
엔지니어링원,중소기업,서울 영등포구,기계·기계설비,"2억 3,749만원",251억 6천만원,임신영,2014.10.29
백통신원,중소기업,제주 서귀포시,휴양콘도 운영업,496억 4천만원,47억 5천만원,우궈훼이,2010.12.14
오프널,중소기업,서울 중구,시스템 소프트웨어 개발 및 공급업,972만원,"4억 9,601만원",박성훈,2017.12.18
와이지테크,중소기업,경북 성주군,동력식 수지공구 제조업,"5,000만원",89억 5천만원,박성혁,2007.11.02
와이지테크,중소기업,경남 창원시,금속 절삭기계 제조업,-,-,이용걸,-
와이지테크,중소기업,경기 안산시,자동차·조선·철강·항공,-,-,박재훈,2024.06.01
알그린,중소기업,경기 안성시,출판·인쇄·사진,,,고홍철,2016.01.01
알그린,중소기업,충남 당진시,기타 기초 무기 화학물질 제조업,18억 2천만원,"4억 4,484만원",김준호/윤소라,2021.11.23
알앤씨미디어,중소기업,서울 금천구,응용 소프트웨어 개발 및 공급업,"1억 5,000만원",23억 9천만원,오창석,2014.01.25
지앤피,대기업,충북 충주시,기타 절연선 및 케이블 제조업,39억 3천만원,"4,929억 6천만원",양영훈,1980.03.01
지앤피,중소기업,서울 강남구,비주거용 건물 임대업,"5,000만원",24억 3천만원,박수남/박지현,1987.08.11
지앤피,중소기업,경기 안산시,포장용 유리용기 제조업,"6억 7,053만원",311억 1천만원,윤인호/조상휘,1970.01.29
지앤피,중소기업,경기 양주시,생활용품·소비재·기타,-,-,신현욱,2006.01.01
지앤피,중소기업,서울 성동구,생활용품·소비재·기타,,,이선예,2017
지앤피,중소기업,서울 구로구,응용 소프트웨어 개발 및 공급업,"5,000만원","6억 4,618만원",이정수,2003.02.01
지앤피,벤처기업,부산 강서구,반도체·디스플레이·광학,-,30억,정해도,1999
지앤피,중소기업,경기 광주시,백화점·유통·도소매,"2억 5,000만원",57억,신지호,2008.07.01
지앤피,중소기업,경기 안양시,전자상거래 소매업,1억원,"8억 2,216만원",김학동,2014.11.10
지앤피,중소기업,경남 창원시,기타 육상 운송지원 서비스업,25억원,61억 4천만원,배기중/유한두,2013.01.01
하나코스,중소기업,강원 횡성군,화장품 제조업,"9억 5,000만원",306억 3백만원,최정근,2002.10.09
하나코스,중소기업,서울 강남구,백화점·유통·도소매,-,-,한지혜,2017.06.07
가람전기,중소기업,부산 동래구,일반전기 공사업,"1억 5,000만원",14억 1천만원,이현수,2020.06.15
가람전기,중소기업,전남 나주시,변압기 제조업,1억원,100억 7천만원,서원철,2016.09.01
가람전기,중소기업,전북 전주시,"기타 기술 시험, 검사 및 분석업","6,821만원","5억 1,076만원",송미영,2016.07.26
가람전기,중소기업,세종,협회·단체,-,-,김영철외 1명,2018.12.05
디스펜서코리아,중소기업,경기 시흥시,기계·기계설비,20억원,16억,채명기,2011.03.23
보림에스앤피,중소기업,서울 중구,출판·인쇄·사진,2억원,23억,채연화,2007.08.14
이디테크,중소기업,충남 천안시,그 외 자동차용 신품 부품 제조업,40억원,246억 6천만원,박윤수,2004.01.16
이디테크,중소기업,경기 평택시,기타 엔지니어링 서비스업,"5,000만원",21억 4천만원,서경민,2015.07.16
이디테크,중소기업,제주 제주시,시스템 소프트웨어 개발 및 공급업,"1억 1,520만원","6억 6,019만원",김희찬,2018.06.28
이디테크,중소기업,경기 수원시,기타 반도체소자 제조업,"1억 8,700만원","4억 2,101만원",김현동,2013.03.04
이디테크,중소기업,충남 아산시,금속 열처리업,1억원,12억 7천만원,김재형,2020.12.02
이디테크,중소기업,인천 부평구,광고·홍보·전시,-,-,한준현,-
광명테크솔루션,중소기업,서울 금천구,전기·전자·제어,7억원,50억,주석중,2008.06.13
보산,중소기업,서울 영등포구,무역·상사,1억원,27억,김명옥,2010.08.27
보산,중소기업,경남 고성군,기타 토목시설물 건설업,15억원,118억 8천만원,장정식,2014.05.23
보산,중소기업,경기 고양시,화훼류 및 식물 도매업,"5,000만원","7억 3,148만원",유세연,2007.11.23
보산,중소기업,경남 창원시,건물용 기계.장비 설치 공사업,"3억 1,000만원","5억 8,415만원",최채경,1999.01.15
보산,중소기업,서울 강남구,1차 금속제품 도매업,-,"약 1,150 억",김규명,1999.01.12
보산,중소기업,경기 파주시,배관 및 냉ㆍ난방 공사업,3억원,"5억 4,016만원",김형태,1999.11.13
보산,중소기업,서울 강남구,한의원,-,-,정용발,1988.12.27
보산,개인,서울 중구,조경 관리 및 유지 서비스업,-,-,유보산,-
보산,중소기업,부산 해운대구,호텔업,-,-,서순도/서영호,2021.09.30
케이뷰티월드와이드,중소기업,인천 연수구,뷰티·미용,-,-,위대성,2019.07.11
에스제이나노텍,중소기업,세종 조치원읍,플라스틱 접착처리 제품 제조업,1억원,"3억 6,259만원",권상익,2018.01.25
에스제이나노텍,중소기업,경기 부천시,통신.방송장비 및 부품 도매업,"1,000만원","2억 2,432만원",이승근,2014.01.21
얼리하이,중소기업,서울 강남구,광고·홍보·전시,,,최영섭,2015.01.31
얼리하이,중소기업,서울 강남구,솔루션·SI·CRM·ERP,3억원,71억,한영기,2005.06.14
얼리하이,중소기업,서울 종로구,시계 및 귀금속제품 도매업,-,-,신진영,-
얼리하이,중소기업,서울 강남구,쇼핑몰·오픈마켓·소셜커머스,-,-,백선아,2017.05.25
얼리하이,중소기업,서울 종로구,IT컨설팅,,,이재원,2018.04.24
얼리하이,중소기업,서울 마포구,IT컨설팅,4억원,-,장환성,2021
얼리하이,중소기업,서울 성동구,응용 소프트웨어 개발 및 공급업,4억원,681만원,김재현,2016.08.09
얼리하이,중소기업,서울특별시 성동구,매니저업,"5,000만원","6억 5,149만원",허재원,2012.05.03
얼리하이,중소기업,서울 관악구,시스템 소프트웨어 개발 및 공급업,-,-,정성웅,2019.05.30
얼리하이,중소기업,서울 마포구,웨딩·상조·이벤트,-,-,조예상,-
비바코리아,중소기업,전남 장성군,설치용 및 위생용 플라스틱제품 제조업,36억원,174억 9천만원,송공석/송태양/송태광,1997.06.13
비바코리아,중소기업,경기 고양시,무역·상사,-,200억원,서동갑,2004.12.01
비바코리아,중소기업,서울시 강남구,응용 소프트웨어 개발 및 공급업,1억원,227억 6천만원,조나단웨이드패디스,2016.01.13
비바코리아,중소기업,서울 강남구,응용 소프트웨어 개발 및 공급업,"5,000만원","4억 8,460만원",유강희,2001.10.18
비바코리아,중소기업,인천 부평구,전기·전자·제어,10억원,45억,임재학,2004.03.20
세무법인다솜해운대지점,중소기업,부산 해운대구,회계·세무·법무,-,-,남동성,-
서원건설,중소기업,서울특별시 영등포구,배관 및 냉ㆍ난방 공사업,"8억 7,000만원",30억 9천만원,이정길,1982.01.25
서원건설,중소기업,전남 순천시,토공사업,"9억 5,000만원",204억 6천만원,유석찬,1999.03.01
서원건설,중소기업,대전광역시 서구,기타 엔지니어링 서비스업,4억원,"7억 5,132만원",박충규,1999.06.01
서원건설,중소기업,전북 남원시,토공사업,"6억 1,000만원",46억 2천만원,박성원,1994.10.22
서원건설,중소기업,경기 성남시,사무.상업용 및 공공기관용 건물 건설업,30억원,45억 4천만원,이원호,1961.03.28
서원건설,중소기업,부산 수영구,사무.상업용 및 공공기관용 건물 건설업,14억 5천만원,70억 7천만원,손명찬,2010.01.01
서원건설,중소기업,경북 경주시,도로 건설업,"9억 5,000만원",49억 3백만원,김지헌,2000.07.01
서원건설,중소기업,인천 남동구,건물 건설업,5억원,89억 8천만원,최영길,2017.05.24
서원건설,중소기업,경기 시흥시,단독 주택 건설업,2억원,5억 299만원,백민숙,2005.08.20
서원건설,중소기업,경기 파주시,건설·시공·토목·조경,7억원,31억 4백만원,신동수,2013.03.05
한신단자공업,중소기업,인천 남동구,"전기회로 개폐, 보호장치 제조업",,,정수영,1994.08.23
케이티시앤지,중소기업,인천 서구,기계·기계설비,5억원,60억,오민,2008.06.20
케이티시앤지,중소기업,경북 포항시,건물 및 구축물 해체 공사업,-,-,김희호,2007.11.13
애간장,중소기업,충북 괴산군,장류 제조업,33억 8천만원,76억 9천만원,김면영,2015.05.04
대명건설산업,중소기업,인천 남동구,"페인트, 창호 및 기타 건설자재 소매업",5억원,42억 6천만원,김윤수,2019.01.31
영진산업,중소기업,대전 서구,콜센터·아웃소싱·기타,-,-,이은희,2010.02.10
영진산업,중소기업,경기 수원시,건설·시공·토목·조경,4억원,65억,하은용,1987
영진산업,중소기업,부산 강서구,금속·재료·자재,-,-,김종식,1989.01.01
영진산업,중소기업,충북 청주시,유선 통신장비 제조업,3억원,"7억 3,441만원",이영규,2000.06.01
영진산업,중소기업,경북 포항시,상용 인력 공급 및 인사관리 서비스업,-,-,김은영,-
영진산업,중소기업,경기 고양시,배관 및 냉ㆍ난방 공사업,"5,000만원","3억 3,470만원",장염균,2016.04.01
영진산업,중소기업,서울 성동구,건축·설비·환경,-,-,박찬석,2005.01.01
폴에이산업,중소기업,서울 마포구,건축물 일반 청소업,5억원,26억 6천만원,박형준,2013.06.01
프라임씨앤씨,중소기업,충남 천안시,기타 정보기술 및 컴퓨터운영 관련 서비스업,3억원,16억 6천만원,황선재,2016.06.20
부영일렉트로닉스,중소기업,인천 남동구,전자부품 실장기판 제조업,"2억 5,000만원",119억 1천만원,양훈심,2016.01.01
와이피컴퍼니,중소기업,경기 안양시,쇼핑몰·오픈마켓·소셜커머스,30억원,108억,김명순,2018.01.04
엔플러스이,중소기업,전라남도 무안군,건강기능식품 제조업,"9억 8,000만원","2억 8,849만원",박규리,2018.03.22
에센루,중소기업,서울 서초구,백화점·유통·도소매,,,장성희,2015.06.25
에센루,중소기업,서울 서초구,솔루션·SI·CRM·ERP,,,최동진,2007.12.01
에센루,중소기업,서울 구로구,기타 가정용 전기기기 제조업,11억 7천만원,30억,신충식/장득순,1996.06.28
에센루,벤처기업,경기 안산시,자동차·조선·철강·항공,"2억 1,000만원",56억 4천만,이상원,2017.01.20
에센루,중소기업,서울 송파구,건물 및 토목 엔지니어링 서비스업,"5,000만원",61억 7천만원,류종우,2015.08.04
에센루,중소기업,서울 강남구,의료용품 도매업,"3억 3,600만원","6억 8,748만원",고성수/김찬웅,2019.01.02
에센루,중소기업,경기 안양시,건물 및 토목 엔지니어링 서비스업,1억원,13억 9천만원,문종기,2001.02.09
에센루,중소기업,강원 양양군,음식료·외식·프랜차이즈,-,-,김준환,2023.07.15
에센루,중소기업,경기 의정부시,식품가공,-,-,김종철,-
에센루,중소기업,서울 서초구,고용 알선업,"5,000만원",8억 143만원,서창호,2014.12.01
내쇼날시스템,중소기업,부산 강서구,기계·기계설비,-,98억,김영호,1989.06.01
태성공영,중소기업,경기 시흥시,건물용 기계.장비 설치 공사업,3억원,36억 8천만원,원재룡,2011.11.01
미래엔인천에너지,중견기업,충남 당진시,연료용 가스 제조 및 배관공급업,150억원,"6,936억 1백만원",송민섭,2003.09.24
미래엔인천에너지,중소기업,충남 천안시,배관 및 냉ㆍ난방 공사업,-,-,최유리,-
동남엔지니어링,중소기업,서울 금천구,기계·기계설비,,,정하경,1989
동남엔지니어링,중소기업,서울 송파구,건설·시공·토목·조경,-,-,김남원,2012.02
동남엔지니어링,중소기업,경기 시흥시,기체 펌프 및 압축기 제조업,-,-,이상기,1990.11.10
동남엔지니어링,중소기업,경기 광명시,기계·기계설비,-,-,강출성,-
태후코스메틱,중소기업,인천 남동구,화장품 제조업,5억원,33억 5천만원,정정운,2012.01.20
비치움,대기업,서울 종로구,호텔업,266억 7천만원,"1,256억 2천만원",김민수,2000.01.01
비치움,대기업,경기 남양주시,골프장 운영업,150억원,171억 6천만원,김민수,1989.03.30
비치움,중견기업,전남 해남군,골프장 운영업,24억 1천만원,188억 1천만원,이화영,2019.07.01
비치움,중소기업,서울 강남구,상품 종합 중개업,"1억 5,000만원",79억 5천만원,박세준,2020.10.05
비치움,중소기업,제주 제주시,호텔·여행·항공,,,김성익,2013.11.15
비치움,중소기업,제주 제주시,호텔·여행·항공,200억원,300억,이규표,1989
비치움,중소기업,서울 마포구,음식료·외식·프랜차이즈,-,-,호인우,2020.12.09
비치움,중소기업,서울 마포구,문화·공연·예술,"1억 4,000만원",52억 7천만,장종현,2009.07.13
비치움,중소기업,서울 강남구,포털·컨텐츠·커뮤니티,-,-,이동헌,2018.08.14
비치움,중소기업,부산 해운대구,그 외 기타 전기장비 제조업,"1억 5,000만원","9억 3,308만원",임승현,2023.02.15
한빛,중소기업,서울 금천구,유선 온라인 게임 소프트웨어 개발 및 공급업,124억 1천만원,235억 2천만원,이승현,1999.01.06
한빛,중소기업,충북 음성군,기타 식품 첨가물 제조업,"8억 5,000만원",811억 1천만원,김기수,2000.01.01
한빛,중소기업,서울 금천구,기타 엔지니어링 서비스업,,,,
한빛,중소기업,서울 서대문구,출판·인쇄·사진,10억원,107억 3천만,김태헌,1993
한빛,중소기업,서울 구로구,주거용 부동산 관리업,10억 1백만원,124억 7천만원,김광용/나근희,1998.02.19
한빛,중소기업,서울 송파구,응용 소프트웨어 개발 및 공급업,"4억 5,000만원",46억 5천만원,오정엽,1996.01.15
한빛,중소기업,경기 수원시,"기타 기술 시험, 검사 및 분석업",,,,
한빛,중소기업,서울 성동구,기타 엔지니어링 서비스업,,,,
한빛,중소기업,전북 군산시,일반 화물자동차 운송업,,,,
한빛,중소기업,인천 서구,그 외 기타 상품 전문 도매업,,,,
씨제이나눔재단,비영리법인,서울 중구,종합복지관 운영업,,,,
씨제이나눔재단,비영리단체·교육재단,서울 성동구,협회·단체,,,,
메트로이엔씨,중소기업,경남 창원시,물질성분 검사 및 분석업,,,,
에스에스엔지니어링,중소기업,경기 광주시,그 외 기타 특수목적용 기계 제조업,,,,
에스에스엔지니어링,중소기업,서울 강서구,건물 건설업,,,,
천우씨엠,벤처기업,서울 서초구,건설·시공·토목·조경,,,,
에스와이산업,중소기업,서울 강남구,부동산·중개·임대,,,,
에스와이산업,중소기업,경기 용인시,콘크리트 및 철근 공사업,,,,
에스와이산업,중소기업,대전 대덕구,전자상거래 소매 중개업,,,,
에스와이산업,중소기업,세종,부동산 중개 및 대리업,,,,
에스와이산업,중소기업,대전 유성구,건설·시공·토목·조경,,,,
에스와이산업,중소기업,광주 광산구,배관 및 냉ㆍ난방장치 도매업,,,,
에스와이산업,중소기업,충북 충주시,그 외 기타 플라스틱 제품 제조업,,,,
에스와이산업,중소기업,경기 안산시,유선 통신장비 제조업,,,,
에스와이산업,중소기업,경기 고양시,그 외 기타 생활용품 도매업,,,,
에스와이산업,중소기업,광주 남구,주거용 건물 개발 및 공급업,,,,
엠시스,중소기업,경북 구미시,기계·기계설비,,,,
엠시스,중소기업,경기 수원시,기타 반도체소자 제조업,,,,
엠시스,중소기업,경기 광명시,건설·시공·토목·조경,,,,
엠시스,벤처기업,충남 천안시,반도체·디스플레이·광학,,,,
엠시스,중소기업,경기 안양시,컴퓨터시스템 통합 자문 및 구축 서비스업,,,,
엠시스,중소기업,인천 중구,물류·운송·배송,,,,
엠시스,중소기업,서울 금천구,배전반 및 전기 자동제어반 제조업,,,,
엠시스,중소기업,경기 부천시,"물질 검사, 측정 및 분석기구 제조업",,,,
엠시스,중소기업,경기 시흥시,가전제품 소매업,,,,
엠시스,중소기업,충북 청주시,응용 소프트웨어 개발 및 공급업,,,,
청운건설,중소기업,대전 유성구,기타 토목시설물 건설업,,,,
청운건설,중소기업,서울 강북구,사무.상업용 및 공공기관용 건물 건설업,,,,
청운건설,중소기업,경기 성남시,"도배, 실내장식 및 내장 목공사업",,,,
청운건설,중소기업,경기 남양주시,주거용 건물 개발 및 공급업,,,,
엔터웹,중소기업,서울 영등포구,웹에이전시,,,,
엔터웹,중소기업,부산 부산진구,컴퓨터 프로그래밍 서비스업,,,,
엔터웹,중소기업,경기 성남시,응용 소프트웨어 개발 및 공급업,,,,
아그네스수산,중소기업,경기 안산시,생활용품·소비재·기타,,,,
아그네스수산,중소기업,경기도 화성시,그 외 기타 종이 및 판지 제품 제조업,,,,
아그네스수산,중소기업,경기 안산시,솔루션·SI·CRM·ERP,,,,
아그네스수산,중소기업,경기 화성시,기타 인쇄업,,,,
신,중견기업,서울 중구,솔루션·SI·CRM·ERP,,,,
신,중견기업,부산 사하구,신발 도매업,,,,
신,중소기업,서울 구로구,"근무복, 작업복 및 유사의복 제조업",,,,
신,중소기업,서울 강서구,의학 및 약학 연구개발업,,,,
신,중소기업,경기 의정부시,학교(초·중·고·대학·특수),,,,
신,중소기업,경기 오산시,학교(초·중·고·대학·특수),,,,
신,중소기업,경기 화성시,화학·에너지·환경,,,,
신,외국계(외국 투자기업),인천 연수구,제약·보건·바이오,,,,
신,중소기업,서울 영등포구,건물ㆍ산업설비 청소 및 방제 서비스업,,,,
신,중소기업,인천 서구,생활용 유리ㆍ요업ㆍ목재ㆍ금속 제품 및 날붙이 도매업,,,,
우리들모터스,중소기업,제주 제주시,중고 자동차 판매업,,,,
우리들모터스,중소기업,전남 순천시,중고 자동차 판매업,,,,
아이피디,중소기업,경기 부천시,출판·인쇄·사진,,,,
아이피디,중소기업,서울 강남구,일반 영화 및 비디오물 제작업,,,,
아이피디,중소기업,서울 강남구,기타 일반 기계 및 장비 수리업,,,,
아이피디,중소기업,경기 군포시,통신.방송장비 및 부품 도매업,,,,
아이피디,중소기업,경기 파주시,생활용품·소비재·기타,,,,
아이피디,중소기업,서울 강남구,영화·음반·배급,,,,
아이피디,중소기업,경기 군포시,컴퓨터시스템 통합 자문 및 구축 서비스업,,,,
아이피디,중소기업,인천 계양구,인테리어·자재,,,,
아이피디,중소기업,경기 용인시,부동산 중개 및 대리업,,,,
아이피디,중소기업,서울 강서구,비알코올음료 도매업,,,,
우진텍,중소기업,경기 화성시,"그 외 기타 분류 안된 전문, 과학 및 기술 서비스업",,,,
우진텍,중소기업,경남 김해시,주형 및 금형 제조업,,,,
우진텍,중소기업,서울 송파구,응용 소프트웨어 개발 및 공급업,,,,
우진텍,중소기업,경북 구미시,생활용품·소비재·기타,,,,
우진텍,중소기업,인천 서구,기계·기계설비,,,,
우진텍,중소기업,경기 평택시,물류·운송·배송,,,,
우진텍,중소기업,대구 북구,전기·전자·제어,,,,
선진수산,중소기업,인천 중구,상품 종합 도매업,,,,
선진수산,개인,서울 중구,식료품 소매업,,,,
금하공업,중소기업,경북 영천시,그 외 자동차용 신품 부품 제조업,,,,
대전과학산업진흥원,비영리법인,대전광역시 유성구,그 외 기타 협회 및 단체,,,,
명동게장,중소기업,전남 여수시,한식 일반 음식점업,,,,
영공방,중소기업,경상남도 거제시,생활용품·소비재·기타,,,,
지엠앤,중소기업,경기 포천시,기타 과실ㆍ채소 가공 및 저장 처리업,,,,
지엠앤,중소기업,경기 고양시,건축·설비·환경,,,,
지엠앤,중소기업,부산 동구,제약·보건·바이오,,,,
지엠앤,중소기업,대전 중구,컨설팅·연구·조사,,,,
지엠앤,중소기업,서울 도봉구,응용 소프트웨어 개발 및 공급업,,,,
지엠앤,중소기업,경기 화성시,기타 엔지니어링 서비스업,,,,
지엠앤,중소기업,부산 기장군,선박 구성 부분품 제조업,,,,
지엠앤,중소기업,서울 강남구,시장조사 및 여론조사업,,,,
지엠앤,중소기업,경북 성주군,화학·에너지·환경,,,,
한일튜브(주)울산공장,중견기업,울산 남구,자동차·조선·철강·항공,,,,
요필,중소기업,경기 성남시,시스템 소프트웨어 개발 및 공급업,,,,
넷타겟,벤처기업,대전 유성구,제약·보건·바이오,,,,
코엘,공공기관,대전 동구,철도 여객 운송업,,,,
코엘,대기업,경기 과천시,섬유·의류·패션,,,,
코엘,중견기업,서울 강동구,제약·보건·바이오,,,,
코엘,대기업,서울 종로구,건설·시공·토목·조경,,,,
코엘,중견기업,인천 남동구,전기·전자·제어,,,,
코엘,대기업,경기 과천시,토목시설물 건설업,,,,
코엘,대기업,서울특별시 강서구,합성섬유 제조업,,,,
코엘,중견기업,충북 청원군,비메모리용 및 기타 전자집적회로 제조업,,,,
코엘,공공기관,경기 성남시,외무 행정,,,,
아이시티정보,중소기업,서울 금천구,응용 소프트웨어 개발 및 공급업,"2억 5,000만원",92억 9천만원,김희정,2013.06.25
어텍,중견기업,서울 중구,솔루션·SI·CRM·ERP,,,,
어텍,중견기업,서울 강서구,컴퓨터·하드웨어·장비,,,,
어텍,중견기업,경기 화성시,전기용 기계.장비 및 관련 기자재 도매업,,,,
어텍,벤처기업,경기 성남시,제약·보건·바이오,,,,
어텍,중소기업,경기 성남시,기계·기계설비,,,,
어텍,벤처기업,충청북도 청주시,전기·전자·제어,,,,
어텍,중소기업,서울 서초구,전기·전자·제어,,,,
어텍,중소기업,경기 안성시,기계·기계설비,,,,
어텍,중소기업,경기 용인시,기체 여과기 제조업,,,,
어텍,중소기업,서울 관악구,가전제품 수리업,,,,
로로스키니,중소기업,경북 경산시,기타 가공식품 도매업,,,,
동일이앤시,중소기업,광주 서구,트레일러 및 세미트레일러 제조업,,,,
이진뷰티,중소기업,경기 부천시,가발 및 유사 제품 제조업,,,,
에이피트바이오,중소기업,서울 송파구,의학 및 약학 연구개발업,,,,
인터베스트,중소기업,서울 마포구,컨설팅·연구·조사,,,,
인터베스트,중소기업,서울 종로구,기타 금융 투자업,,,,
인터베스트,중소기업,제주 제주시,곡물 및 기타 식량작물 재배업,,,,
씨엠글로벌,중소기업,서울 금천구,건설·시공·토목·조경,,,,
씨엠글로벌,중소기업,서울 성동구,부동산 중개 및 대리업,,,,
씨엠글로벌,중소기업,경북 경산시,화학·에너지·환경,,,,
씨엠글로벌,중소기업,대전 대덕구,택배업,,,,
씨엠글로벌,중소기업,서울 서초구,"컴퓨터시스템 통합 자문, 구축 및 관리업",,,,
씨엠글로벌,중소기업,서울 강서구,"라이터, 연소물 및 흡연용품 제조업",,,,
씨엠글로벌,중소기업,서울 마포구,콜센터·아웃소싱·기타,,,,
중앙통신건설,중소기업,전북 전주시,일반 통신 공사업,,,,
금성케이엔티,중소기업,경기 광주시,플라스틱 접착처리 제품 제조업,,,,
황산,중소기업,인천 남동구,"미장, 타일 및 방수 공사업",,,,
황산,중소기업,충남 당진시,그 외 기타 비금속광물 광업,,,,
황산,중소기업,충남 논산시,"산업용 농.축산물, 섬유 원료 및 동물 중개업",,,,
황산,중소기업,서울 구로구,회계·세무·법무,,,,
황산,중소기업,충청남도 논산시,주류 도매업,,,,
황산,중소기업,충남 논산시,전자상거래 소매 중개업,,,,
세이인,중소기업,전북 전주시,건축설계 및 관련 서비스업,,,,
세이인,중소기업,경기 시흥시,액체 여과기 제조업,,,,
세이인,중소기업,부산 동래구,통신기기 소매업,,,,
세이인,중소기업,대전 유성구,"서적, 신문 및 잡지류 소매업",,,,
덕산,중소기업,경기 용인시,무역·상사,,,,
덕산,중소기업,충남 천안시,그 외 기타 분류 안된 화학제품 제조업,,,,
덕산,대기업,경북 구미시,은행·금융,,,,
덕산,중견기업,충남 천안시,그 외 기타 전자부품 제조업,,,,
덕산,중소기업,인천 부평구,내부 통신배선 공사업,,,,
덕산,중소기업,경기 안산시,고용 알선업,,,,
덕산,중소기업,대전 유성구,"유인 항공기, 항공우주선 및 보조장치 제조업",,,,
덕산,중소기업,경기 광주시,섬유·의류·패션,,,,
덕산,중소기업,충북 괴산군,떡류 제조업,,,,
덕산,중견기업,경북 상주시,콘크리트 관 및 기타 구조용 콘크리트 제품 제조업,,,,
차이커뮤니케이션,중소기업,서울 강남구,광고·홍보·전시,,,,
차이커뮤니케이션,중소기업,서울 강남구,광고·홍보·전시,,,,
미주,중소기업,경북 포항시,자동차·조선·철강·항공,,,,
미주,중소기업,경기 화성시,주형 및 금형 제조업,,,,
미주,중소기업,전북 익산시,내부 통신배선 공사업,,,,
미주,중소기업,경남 거제시,그 외 기타 분류 안된 사업지원 서비스업,,,,
미주,중소기업,경기 광명시,화학·에너지·환경,,,,
미주,중소기업,경기 광주시,건설·시공·토목·조경,,,,
미주,중소기업,인천 강화군,배전반 및 전기 자동제어반 제조업,,,,
미주,중소기업,서울 양천구,전기·전자·제어,,,,
미주,중소기업,경기 평택시,유리 및 창호 공사업,,,,
미주,중소기업,강원 강릉시,금속·재료·자재,,,,
케이에이치에스,중소기업,서울 강남구,상품 종합 도매업,2억원,78억 5천만원,장승욱,2005.12.13
케이에이치에스,중소기업,서울 강서구,호텔·여행·항공,-,-,김영환,2022.12.05
케이에이치에스,중소기업,경기 김포시,인쇄 및 제책용 기계 제조업,"5,000만원",10억 3천만원,조연옥,2016.03.17
케이에이치에스,중소기업,인천 동구,그 외 기타 전자부품 제조업,2억원,"6억 1,577만원",정호은,2014.05.01
케이에이치에스,중소기업,경기 시흥시,전기·전자·제어,10억원,86억 7천만원,김영규/이상호,2000.04.01
케이에이치에스,중소기업,서울 송파구,전자상거래 소매업,-,-,김대국,2020.03.16
케이에이치에스,중소기업,충남 홍성군,기계·기계설비,-,-,김효섭,-
케이에이치에스,중소기업,서울 강남구,연예·엔터테인먼트,-,-,백린,-
제이스테크,중소기업,인천 서구,스크린 인쇄업,3억원,10억 5천만원,양승만,2002.10.29
제이스테크,중소기업,충남 아산시,전기·전자·제어,-,-,정상호,-
제이스테크,중소기업,경기 수원시,기타 무선 통신장비 제조업,"5,000만원",32억 3천만원,정환영,2012.10.08
티씨엔씨,중견기업,대전 중구,연료용 가스 제조 및 배관공급업,475억원,"5,090억",송상호/황인규,1985.11.18
티씨엔씨,중소기업,서울 강남구,음식료·외식·프랜차이즈,"1,000만원",50억,천태하,2012.04.04
티씨엔씨,중소기업,경기 군포시,기계·기계설비,-,-,허동철,-
티씨엔씨,중소기업,서울 서초구,경영 컨설팅업,1억원,"5억 1,312만원",정근호,2021.01.25
티씨엔씨,중소기업,경기 의왕시,지반조성 건설업,9억원,158억 7천만원,윤기철/이득재,2001.06.05
티씨엔씨,중소기업,경기 안양시,기타 엔지니어링 서비스업,1억원,"7억 6,109만원",전유리,2003.03.03
티씨엔씨,중소기업,서울 강동구,산업생산시설 종합건설업,4억원,45억 4천만원,박원택,2002.01.18
티씨엔씨,중소기업,서울 금천구,기계·기계설비,-,-,김삼인,2006.09
티씨엔씨,중소기업,대전광역시 중구,"전시, 컨벤션 및 행사 대행업",,,,
에코원테크놀로지,중소기업,경기 남양주시,액체 여과기 제조업,,,,
헤이즐시스,중소기업,서울 구로구,시스템 소프트웨어 개발 및 공급업,,,,
지씨텍,중소기업,경기 수원시,주형 및 금형 제조업,3억원,"8억 2,683만원",최정원,2015.09.01
지씨텍,중소기업,충남 천안시,도장 및 기타 피막처리업,"5,000만원",18억 3천만원,명환철,2014.07.14
휴먼아이,중소기업,서울 송파구,액체 여과기 제조업,"3억 3,000만원",203억 2천만원,홍봉창,2005.09.25
휴먼아이,중소기업,서울 강남구,응용 소프트웨어 개발 및 공급업,"1억 5,000만원",10억 4천만원,강준명,2019.08.08
휴먼아이,외국 기관·비영리기구,서울 송파구,디자인·CAD,2억원,,최정계,1999.01.01
휴먼아이,중소기업,경기 용인시,전기용 기계.장비 및 관련 기자재 도매업,"2,000만원","3억 3,267만원",차은영,2019.10.24
휴먼아이,중소기업,경기 부천시,그 외 기타 전자부품 제조업,"5,000만원",11억 3천만원,서대선,2015.11.24
휴먼아이,중소기업,서울 서초구,사회복지·요양,-,-,김태환,2000
휴먼아이,중소기업,전남 무안군,솔루션·SI·CRM·ERP,1억원,51억 7천만,최봉두,2006.05.26
그린스타,중소기업,서울 종로구,시계 및 귀금속제품 도매업,-,-,이현옥,-
팡홀딩스,중소기업,서울 구로구,IT컨설팅,1억원,7억,김동혁,2008.01.01
토탈미디어그램,벤처기업,서울 강남구,모바일·APP,-,-,김현호,2008
엠스토리허브,중소기업,서울 금천구,포털·컨텐츠·커뮤니티,1억원,170억,이기수,2015.06.16
엠스토리허브,중소기업,서울 영등포구,데이터베이스 및 온라인정보 제공업,-,-,권영미,2020.07.22
엠스토리허브,중소기업,서울 강남구,방송 프로그램 제작업,22억원,6억 169만원,곽홍석/이기수,2005.11.03
엠스토리허브,중소기업,서울 금천구,일반 서적 출판업,"8억 9,496만원",-,이유준,2017.12.19
극동정보통신,중소기업,충남 연기군,네트워크·통신서비스,-,-,박대순,2004.04.13
에스씨티,중소기업,서울 금천구,화학·에너지·환경,17억원,993억,김현규,2003
에스씨티,중소기업,서울 금천구,그 외 기타 분류 안된 화학제품 제조업,"6억 5,000만원",149억 7천만원,김현택,1997.06.01
에스씨티,중소기업,경기 용인시,플라스틱물질 및 합성고무 도매업,1억원,1억,박선철,2016.06.02
에스씨티,중소기업,경기 김포시,기계·기계설비,-,-,신송미,-
에스씨티,중소기업,경기 김포시,유압기기 제조업,100만원,13억원7십만원,오정숙,2018.12.20
에스씨티,중소기업,울산 울주군,도장 공사업,6억원,"1억 8,663만원",손홍래,2018.02.18
에스씨티,중소기업,서울 송파구,지도 제작업,1억원,"4억 4,325만원",유영희,2007.12.14
에스씨티,중소기업,서울 서초구,상품 종합 도매업,-,-,백경숙,-
에스씨티,중소기업,충남 천안시,네트워크·통신서비스,-,-,신철,2017.09.14
에스씨티,중소기업,경기 부천시,렌탈·임대·리스,-,-,차진화,2019.07.15
다움테크,중소기업,경기 화성시,도장 및 기타 피막처리업,"1억 6,000만원",16억 2천만원,정도영,2018.04.30
다움테크,중소기업,서울 강남구,전지 및 케이블 도매업,,,,
국제여행사,중소기업,서울 중구,여행사업,,,,
국제여행사,중소기업,서울 중구,여행사 및 기타 여행보조 서비스업,,,,
국제여행사,중소기업,전북 완주군,전세버스 운송업,,,,
국제여행사,중소기업,서울 마포구,호텔·여행·항공,,,,
국제여행사,중소기업,경기 시흥시,호텔·여행·항공,,,,
국제여행사,중소기업,서울 영등포구,호텔·여행·항공,,,,
국제여행사,중소기업,서울 영등포구,여행사업,,,,
국제여행사,중소기업,서울 서초구,여행사업,,,,
국제여행사,중소기업,서울 마포구,여행사업,,,,
이티엘,중소기업,서울 금천구,"영화, 비디오물 및 방송프로그램 제작 관련 서비스업",,,,
이티엘,중소기업,대구 북구,전기·전자·제어,,,,
이티엘,중소기업,충북 청주시,"화물운송 중개, 대리 및 관련 서비스업",,,,
이티엘,중소기업,경기 수원시,화학·에너지·환경,,,,
이티엘,중소기업,서울 송파구,기타 엔지니어링 서비스업,,,,
이티엘,중소기업,경기 성남시,건설·시공·토목·조경,,,,
이티엘,중소기업,경기 남양주시,시설물 유지관리 공사업,,,,
이티엘,중소기업,서울 영등포구,비주거용 건물 개발 및 공급업,,,,
이티엘,중소기업,경기 김포시,사업시설 유지.관리 서비스업,,,,
이티엘,중소기업,서울시 중구,"화물운송 중개, 대리 및 관련 서비스업",,,,
남원터보원,중소기업,전남 나주시,기체 펌프 및 압축기 제조업,,,,
세종케미칼,중소기업,인천광역시 계양구,기계·기계설비,4억원,407억 884만,이상호,1989.04.01
세종케미칼,중견기업,서울 중구,호텔업,96억 8천만원,142억 6천만원,오세인,1978.11.01
세종케미칼,중소기업,서울 중구,출판·인쇄·사진,"2억 5,000만원",480억,위강복,2010.07.01
세종케미칼,중견기업,경기 용인시,그 외 자동차용 신품 부품 제조업,139억 1천만원,"6,262억 5천만원",최정연/이동원,1976.06.10
세종케미칼,중견기업,서울 강동구,일반전기 공사업,"2,100억원","1,705억 5천만원",김형진/안종석,1992.06.09
세종케미칼,비영리법인,세종 조치원읍,기타 인문 및 사회과학 연구개발업,82억 1백만원,"1억 4,520만원",양현봉,2019.07.18
세종케미칼,비영리법인,경기 여주시,그 외 기타 협회 및 단체,-,-,이순열,2017.11.15
세종케미칼,대기업,대전 유성구,학습지·방문교육,521억원,9300억,강호준,1976.01.01
세종케미칼,중견기업,서울 종로구,변호사업,,,오종한,1981.04.01
세종케미칼,대기업,세종 장군면,식품가공,44억 3천만원,1조2043억원,이광범,1964.03.13
영보직물,중소기업,서울 성북구,재생섬유 제조업,10억원,260억 7천만원,설동호/이승준,1987.07.01
제이콥아이앤디,중소기업,서울 마포구,"도배, 실내장식 및 내장 목공사업","7억 1,000만원",21억 5천만원,박신근,1994.12.01
제이브로,중소기업,경기 파주시,그 외 기타 창작 및 예술관련 서비스업,-,-,김종석,2017.07.21
제이브로,중소기업,서울 마포구,컴퓨터 프로그래밍 서비스업,-,-,조영모,2015.04.21
제이브로,중소기업,경기 용인시,기기용 자동측정 및 제어장치 제조업,"3억 6,000만원",59억 6천만원,박형옥/이하용,2008.06.30
제이브로,중소기업,경기 용인시,기타 가공식품 도매업,"2,000만원",119억 4천만원,이종현/장인상,2016.06.28
제이브로,중소기업,서울 서초구,부동산 중개 및 대리업,-,-,이종대,-
제이브로,중소기업,대전 대덕구,통신.방송장비 및 부품 도매업,-,-,정창용,2024.04.16
제이브로,중소기업,경기 의정부시,시설관리·보안·경비,-,-,조용기,2016.12.22
제이브로,중소기업,서울 강서구,광고·홍보·전시,-,-,전재형,2017.12.23
제이브로,중소기업,경기 성남시,기타 주점업,-,-,황정애,2018.05.01
하나티에스,중소기업,부산 사상구,응용 소프트웨어 개발 및 공급업,"2,000만원",7억 194만원,박상현,2013.08.02
하나티에스,중소기업,서울 송파구,여행사업,"1억 5,000만원","2억 2,374만원",임동수,2002.09.13
큐어라이프,중소기업,경기 시흥시,그 외 기타 플라스틱 제품 제조업,"5,000만원",112억 1천만원,양혜정,2018.04.27
큐어라이프,중소기업,경기 시흥시,시스템 소프트웨어 개발 및 공급업,-,-,김순덕,2010.12.21
인포랑,중소기업,서울 중구,솔루션·SI·CRM·ERP,"9억 5,000만원",24억 2천만원,나신택,2003.12.01
마노다이아몬드,중소기업,서울 동대문구,시계 및 귀금속제품 도매업,"5,804만원","2억 8,772만원",오미숙,2006.07.01
에스지종합건설,중소기업,경기 김포시,비계 및 형틀 공사업,"3억 5,000만원",14억 8천만원,강용쇠,2019.10.02
에스지종합건설,중소기업,경기 파주시,토목시설물 건설업,12억원,151억 2천만원,손승철/이경미,2005.07.12
에스지종합건설,중소기업,서울 강서구,단독 주택 건설업,"7억 5,000만원",83억 8천만원,김동우,2017.12.13
에스지종합건설,중소기업,경기 김포시,제조업 및 유사 산업용 건물 건설업,5억원,56억 8천만원,이승주/이은설,2016.02.18
은진하이테크,중소기업,광주 광산구,전기·전자·제어,"2억 5,000만원",13억 2천만,이용도,2009.02.11
신성화학,중소기업,광주 광산구,기타 기계.장비 조립용 플라스틱 제품 제조업,"3억 6,593만원",567억 3천만원,홍석호,1986.07.20
신성화학,중소기업,경남 양산시,그 외 자동차용 신품 부품 제조업,"2억 2,000만원",46억 3백만원,오명덕,2012.03.27
신성화학,중소기업,세종 부강면,화학·에너지·환경,-,-,박현옥,1998.07.13
세기유통,중소기업,경기 광명시,"빵류, 과자류, 당류, 초콜릿 도매업","5,000만원",41억 6천만원,전혜옥,2010.06.09
세기유통,중소기업,경기 구리시,"컴퓨터 및 주변장치, 소프트웨어 도매업",5억원,3억,이우덕,2004.01.01
세기유통,중소기업,경기 안성시,통신.방송장비 및 부품 도매업,5억원,5억5천,윤종대,2000.01.01
포에이치,중소기업,경기 수원시,그 외 기타 전기장비 제조업,1억원,분사전 50억,유승국,2019.01.16
포에이치,중소기업,경기 성남시,경영 컨설팅업,-,-,김동천,-
포에이치,중소기업,경남 거제시,백화점·유통·도소매,-,-,이윤행,-
포에이치,벤처기업,충남 천안시,무역·상사,-,-,고준혁,2020.01.02
한국기술지원,국내 공공기관·공기업,서울 강남구,공기업·공공기관,-,"1,454억 6천만원",한화진,2012.12.27
한국기술지원,중소기업,경기 성남시,응용 소프트웨어 개발 및 공급업,1억원,60억,공태경,2014.02.12
한국기술지원,중소기업,경기 성남시,그 외 기타 보건업,"5,000만원",17억 5백만원,송영종,2018.08.09
한국기술지원,공공기관,서울 강남구,그 외 기타 협회 및 단체,100만원,115억 9천만원,문애리,2013.01.04
목경,비영리법인,대전 서구,대학교,-,-,유영완,2004.07.01
목경,중소기업,서울 강남구,회계·세무·법무,20억원,360억,이영필,1985.11.01
목경,중견기업,부산 연제구,시설관리·보안·경비,5억원,-,노재현,1999.03.06
목경,중소기업,경남 창원시,전기·전자·제어,500만원,-,박희식,2016.03.22
목경,중소기업,제주 서귀포시,음식료·외식·프랜차이즈,-,-,강영목,2019.04.13
목경,중소기업,경기 시흥시,강화 및 재생 목재 제조업,8억원,213억 9천만원,"이공명, 박홍제",1991.12.10
목경,중소기업,서울 금천구,플라스틱 창호 제조업,"5억 5,972만원",32억 3천만원,전종수,1995.04.25
목경,중소기업,서울 중구,생활화학·화장품,100억원,-,김철호,2011.06.11
목경,중소기업,경기 용인시,기타 목재가구 제조업,"7억 6,666만원",18억 7천만원,이승석,2013.06.26
목경,중소기업,대전 대덕구,"박판, 합판 및 유사 적층판 제조업",1억원,150억 1백만원,이근명,1999.04.12
브러쉬이십일,중소기업,서울 금천구,그 외 기타 전자부품 제조업,"4,190만원",28억 8천만원,지영배,2014.07.11
레드커뮤니케이션즈,중소기업,서울 용산구,"광고물 문안, 도안, 설계 등 작성업",1억원,64억 4천만원,왕성진,2012.11.23
레드커뮤니케이션즈,중소기업,경북 경주시,광고·홍보·전시,"5,000만원",20억원,홍원호,2015.03.01
레드커뮤니케이션즈,중소기업,서울 마포구,"전시, 컨벤션 및 행사 대행업","1,000만원",12억 8천만원,김홍구,2018.01.16
레드커뮤니케이션즈,중소기업,서울 중구,광고 대행업,"1억 7,500만원",36억,"신선아,조남일",2015.02.10
레드커뮤니케이션즈,중소기업,서울 강남구,광고·홍보·전시,,,,
현대무역,중소기업,서울 강남구,백화점·유통·도소매,,,,
현대무역,중소기업,서울 강남구,음식료·외식·프랜차이즈,,,,
현대무역,중소기업,서울 강남구,백화점·유통·도소매,,,,
현대무역,중소기업,서울 강남구,음식료·외식·프랜차이즈,,,,
현대무역,중소기업,서울 강남구,백화점·유통·도소매,,,,
현대무역,중소기업,서울 강남구,백화점·유통·도소매,,,,
현대무역,중소기업,서울 강남구,백화점·유통·도소매,,,,
제드윈,중소기업,서울 광진구,건설·시공·토목·조경,,,,
